unit_price,negotiation_percentage,lead_time_days,distance_to_organization_km,was_selected
4855.4,76.1,81,12900.21,0
1657.55,77.42,21,14986.89,0
2313.3,37.82,89,2979.08,0
3575.33,83.96,10,5788.78,0
3534.98,36.58,72,9105.2,0
1130.6,12.26,24,6869.37,0
556.55,25.14,56,12800.77,0
874.29,48.13,86,11781.83,0
2465.28,80.6,79,3648.04,0
4701.2,28.54,50,5319.7,0
2006.37,84.06,46,12823.54,0
1380.48,68.65,56,13955.74,0
2307.94,20.09,75,12700.34,0
3185.66,31.82,23,8406.11,0
3412.09,41.12,36,3957.99,0
76.22,53.38,72,9357.93,0
471.52,53.17,85,1974.72,1
1386.66,15.35,5,12100.57,0
3104.47,29.88,44,1566.99,0
4036.78,12.73,84,13825.66,0
614.5,64.46,43,2509.98,1
1890.01,43.16,52,8520.82,0
1856.26,60.51,7,13892.21,0
4668.91,65.53,16,1029.82,0
1446.14,11.77,2,8741.92,1
2282.16,93.34,84,2876.21,0
4005.35,22.15,9,14052.43,0
483.1,55.42,80,13636.53,0
2759.7,16.0,4,5675.92,0
3631.13,59.75,55,3421.78,0
4692.94,36.11,10,12455.69,0
2739.26,93.15,81,11986.62,0
2226.98,84.22,83,1231.2,0
2702.31,11.55,45,12709.76,0
1312.47,14.07,42,2443.04,1
3673.86,20.93,40,10121.65,0
2291.71,64.48,30,3059.49,0
2296.64,12.4,69,9639.48,0
334.7,51.65,28,14900.79,0
718.03,62.37,10,7731.06,1
1578.37,48.79,88,13231.03,0
3041.17,62.36,90,10335.68,0
54.59,4.43,66,3862.73,0
323.4,21.33,22,3445.6,1
2495.18,85.33,83,3183.84,0
4238.77,95.06,1,10515.92,0
1398.13,70.26,14,9740.34,1
1058.85,86.24,47,12310.95,0
1993.26,63.12,37,12782.33,0
4248.27,67.21,29,13736.83,0
2344.88,56.44,21,11030.82,0
4458.72,36.81,80,3494.53,0
1283.65,61.5,83,12903.43,0
3320.43,80.72,29,1611.99,0
3516.59,34.62,54,9581.77,0
2932.12,88.78,86,1696.1,0
4336.17,91.99,62,11838.88,0
2804.91,60.03,36,11274.6,0
3364.56,28.25,48,8380.33,0
658.29,35.87,35,9515.88,0
4914.89,92.63,32,6582.36,0
2851.63,2.44,90,10419.25,0
1038.11,35.39,24,10801.03,0
2679.72,71.98,73,14265.44,0
3791.68,26.74,69,8923.25,0
895.61,97.81,3,4575.71,1
992.21,79.72,25,1669.43,1
3470.45,58.99,88,5336.74,0
1968.28,17.95,12,10097.62,0
3075.2,18.03,26,9312.3,0
2464.83,27.16,8,4024.76,0
4509.37,3.55,6,169.24,0
2832.93,86.43,81,2159.03,0
871.91,47.86,26,8108.58,1
3228.42,13.63,33,12120.2,0
2657.55,40.59,57,4828.36,0
2737.29,47.74,11,13221.53,0
1364.02,56.15,79,3932.17,0
4047.92,41.09,6,13432.37,0
807.12,10.73,64,5060.65,0
1444.83,32.25,87,13959.83,0
3770.97,6.86,50,2991.75,0
2333.47,44.63,83,13552.6,0
3024.13,81.28,31,11327.9,0
4412.85,62.21,90,5362.06,0
3969.78,62.17,82,2480.85,0
2101.96,74.18,30,1093.96,0
4672.84,54.31,82,6999.35,0
929.4,5.04,55,2405.27,0
2106.87,40.0,61,8610.98,0
1100.3,53.13,30,8013.01,1
1880.84,95.96,10,634.49,1
3709.49,50.54,16,14330.33,0
3556.86,7.05,53,7135.13,0
970.97,81.85,87,3570.07,0
1714.45,80.62,24,2040.34,1
3046.38,61.02,27,2591.95,0
3754.17,43.5,40,10772.87,0
155.31,55.56,65,6402.48,1
1946.39,20.5,58,2360.67,0
1445.34,50.74,35,543.01,1
2159.52,96.43,40,10888.31,0
1635.02,22.18,63,8415.59,0
4483.13,61.31,61,6375.54,0
4488.23,10.81,2,7835.29,0
2487.0,31.52,14,14553.22,0
3878.29,3.78,25,12059.32,0
134.46,7.06,17,12104.48,0
4049.75,40.75,65,9796.75,0
2807.66,83.14,57,8524.76,0
4777.28,69.93,80,7113.39,0
4443.86,70.15,17,14089.39,0
3316.15,78.43,17,5634.55,0
1087.05,21.48,50,1769.5,0
3654.51,8.78,6,12356.78,0
4001.92,51.09,13,5991.38,0
914.59,82.15,3,8429.64,1
4545.5,1.56,40,3010.68,0
3838.75,20.68,70,12206.19,0
3506.83,39.27,74,6810.75,0
1829.72,13.41,53,14588.96,0
1668.65,7.94,46,9670.84,0
2285.26,89.03,3,4866.4,1
407.72,29.01,24,10145.43,0
727.36,94.34,49,5760.97,1
3354.47,88.49,45,203.67,0
4787.54,40.5,34,11159.49,0
2184.4,86.17,73,2985.18,0
3183.57,67.38,56,9937.47,0
4446.67,0.21,20,256.84,0
4654.54,77.12,49,3162.32,0
3321.86,49.52,14,13118.51,0
1063.1,40.51,25,11143.41,0
4892.24,0.28,64,12975.26,0
4614.79,70.61,23,11515.46,0
3550.41,70.82,76,1373.64,0
1369.92,3.8,80,2711.02,0
2792.74,77.96,41,8583.16,0
641.84,32.1,10,3703.1,0
1117.97,59.96,78,9295.88,0
3756.36,40.56,53,4333.16,0
3775.37,68.23,23,12522.14,0
2154.58,44.94,3,2953.68,0
1089.17,92.72,88,1579.41,1
4537.97,30.32,16,1883.96,0
3135.58,47.05,4,8436.35,0
3628.71,33.37,56,7122.94,0
1366.94,61.57,61,5215.64,0
3364.81,61.67,17,7420.46,0
4607.22,97.18,68,7744.46,0
230.42,78.59,48,12001.26,0
4601.91,31.2,58,7738.67,0
855.16,66.86,14,2972.51,1
4975.88,52.44,16,4105.7,0
230.67,69.93,85,8165.15,0
2408.56,40.71,54,10.03,0
1885.81,84.98,34,2836.71,0
107.14,24.11,75,4684.22,1
3547.48,76.02,18,2060.38,0
3413.94,29.84,40,14100.3,0
149.9,82.45,35,4979.77,1
881.61,37.88,54,1223.79,0
4421.34,99.53,7,14728.2,0
545.65,94.62,18,8056.99,1
2065.49,22.05,38,4209.34,0
3262.31,0.95,3,7243.12,0
4535.57,2.61,6,12284.5,0
4228.26,87.96,20,3460.16,0
122.64,49.36,5,14252.42,1
4391.6,93.65,78,9935.85,0
4267.46,60.65,23,12845.88,0
3198.57,89.84,60,1169.61,0
1313.16,87.69,10,1918.26,1
3014.37,80.68,76,5615.33,0
3382.88,58.48,65,12333.24,0
1795.88,76.25,83,10969.01,0
2323.4,16.54,13,5819.87,0
1357.82,1.44,68,9861.81,0
1747.93,40.71,80,1129.08,0
4372.33,21.49,12,3963.77,0
1685.16,80.47,81,10680.74,0
2616.16,10.73,4,13949.46,0
4879.27,98.53,55,10354.2,0
2243.46,70.05,62,4885.1,0
1826.08,16.49,60,10664.52,0
130.12,37.5,7,13552.27,1
511.24,85.22,71,1129.56,1
28.22,25.86,75,3514.16,1
3323.45,47.33,32,14232.53,0
972.03,34.91,30,13009.41,0
3450.75,85.25,21,10156.48,0
1315.64,57.17,86,5029.69,0
4776.51,63.91,2,8576.13,0
2567.82,63.63,39,13971.07,0
1830.79,16.55,86,13791.35,0
2614.47,24.91,66,4775.16,0
2275.03,26.46,81,1810.94,0
2083.99,48.65,9,11447.12,0
2023.79,99.85,63,1055.33,0
2606.2,60.98,51,7214.89,0
4967.95,48.02,33,14059.97,0
1342.11,47.41,35,14097.12,0
1872.13,13.49,55,14640.75,0
160.77,44.36,10,10196.52,1
4047.54,86.19,62,2243.33,0
977.7,65.07,30,14949.89,0
648.29,96.09,72,512.29,1
1732.65,45.73,75,7726.93,0
2037.27,68.85,85,9584.22,0
1276.86,90.65,83,13832.28,0
1809.24,26.64,32,7935.93,0
3597.46,2.98,53,12955.44,0
994.01,92.56,69,5888.26,0
4132.97,8.39,16,9933.21,0
1145.79,70.05,46,12261.57,0
1665.18,96.76,80,7055.38,0
1835.09,35.61,58,936.06,0
1629.56,15.73,77,11971.57,0
3454.15,30.55,20,13946.69,0
3078.54,19.82,55,11941.51,0
1047.8,17.08,57,1379.09,0
41.25,37.74,15,12789.4,0
2906.16,10.03,26,7861.31,0
2478.48,55.9,51,13666.23,0
322.63,29.14,55,3013.38,1
4366.61,24.16,74,11003.68,0
1972.53,4.93,83,14924.43,0
3539.74,28.52,1,874.83,0
4663.9,32.56,36,12901.83,0
2453.57,52.97,41,10273.44,0
3354.37,30.98,22,7748.96,0
734.47,69.31,84,11333.85,0
1943.42,17.62,33,5904.63,0
3400.83,62.88,86,11724.23,0
4530.78,80.69,39,14464.08,0
600.26,70.14,53,12350.33,0
3045.13,97.37,58,1360.92,0
3331.04,9.92,70,1933.21,0
4270.24,91.83,88,2562.48,0
3457.12,70.36,22,314.28,0
778.84,85.05,69,2353.1,0
1674.77,13.99,74,4638.85,0
3183.62,3.1,49,2953.39,0
306.54,37.03,78,2531.49,1
1463.67,54.17,72,13843.66,0
3847.36,48.93,25,13177.29,0
2781.08,13.78,11,9911.44,0
1026.64,25.39,20,13408.41,0
4799.02,50.37,61,9458.76,0
2536.75,85.95,10,1649.91,0
1667.86,30.49,38,4727.35,0
1210.79,50.86,40,1431.84,0
1366.87,8.22,31,11843.03,0
2231.27,55.84,38,6828.35,0
3929.64,50.87,86,2369.89,0
2104.1,88.07,71,1217.57,0
3507.97,64.29,60,2724.39,0
2988.53,16.22,18,14437.67,0
2558.38,10.64,11,3496.18,0
106.49,29.67,5,472.26,1
2164.03,29.42,55,7343.85,0
753.31,68.86,38,5962.22,0
2438.27,54.78,35,13408.82,0
2931.21,67.64,47,3480.83,0
4189.24,8.63,82,5931.12,0
368.85,13.93,83,1490.82,0
1363.64,25.48,52,3154.02,0
2360.94,18.39,44,8661.55,0
1780.51,84.02,62,2478.63,1
3198.51,40.24,71,10514.8,0
1333.24,38.68,57,12477.84,0
3487.75,5.39,11,5186.78,0
1962.01,94.08,81,11232.4,0
1369.01,36.87,50,456.41,0
3569.25,55.55,21,2630.03,0
3261.97,86.84,44,49.6,0
2981.29,97.84,6,5168.12,0
174.61,74.67,6,723.97,1
3616.37,44.22,87,3069.92,0
3441.27,88.2,78,11160.05,0
2356.12,69.74,84,14061.27,0
207.35,96.8,66,13927.09,0
2432.33,78.77,85,10687.95,0
1839.27,55.25,85,3083.47,0
2368.85,99.87,39,13966.16,0
3303.23,69.34,90,5883.72,0
2401.31,3.28,71,14528.9,0
2514.01,81.96,28,14844.44,0
4014.12,63.28,82,13392.09,0
2650.07,14.29,31,8240.9,0
3208.84,40.54,5,377.52,0
3301.35,21.11,67,3720.05,0
186.89,11.09,56,9692.7,0
4574.07,26.79,76,10414.82,0
766.83,53.72,8,13609.27,0
4842.91,47.0,79,8867.95,0
365.68,6.61,83,13218.96,0
227.66,7.84,44,3077.52,0
1974.22,92.16,17,1428.91,1
1441.51,8.1,30,9978.05,0
4195.46,3.68,11,13801.24,0
2059.26,69.04,33,2652.4,0
1738.18,45.59,44,1581.38,1
1141.55,17.19,36,6305.07,0
2215.71,37.79,50,2627.88,0
3999.59,76.59,58,3843.59,0
1042.76,24.48,47,14361.12,0
403.37,67.95,55,2831.19,1
2060.57,72.94,77,3377.44,0
3607.71,90.07,21,3033.89,0
3547.71,76.92,7,8537.11,0
1659.63,62.82,65,9121.05,0
3275.83,45.63,56,9038.73,0
1691.09,30.9,73,3086.23,0
1461.41,87.15,11,5257.28,1
4627.37,97.85,29,9624.17,0
3465.8,97.3,51,12955.25,0
869.49,17.2,34,4180.47,1
3129.6,46.35,58,8275.74,0
397.41,48.34,39,9254.07,1
351.25,1.37,7,14428.57,0
1483.46,94.52,85,3925.16,0
1709.06,89.2,5,7377.73,1
2071.07,10.54,76,8547.86,0
2066.07,67.25,19,6951.25,0
884.14,90.02,90,3480.12,1
2489.67,76.64,9,14134.0,0
3963.82,52.42,1,9470.77,0
1647.13,67.78,16,2917.56,1
4599.1,83.04,58,14118.53,0
4674.25,19.92,29,14147.01,0
1710.41,32.0,39,2639.04,0
1427.34,71.03,54,12900.54,0
2638.05,20.88,85,201.47,0
3960.48,47.38,74,1559.6,0
381.23,9.9,63,11101.75,0
1644.06,61.66,82,11869.98,0
1667.97,7.83,37,9621.94,0
164.41,1.56,25,3634.54,1
172.05,39.99,74,6477.74,0
1362.51,16.23,32,1379.11,0
102.59,29.51,8,2101.46,1
270.81,76.26,85,11710.52,0
1424.53,83.25,54,11705.36,0
3400.95,96.27,83,9520.9,0
3497.02,65.22,2,7273.05,0
1985.44,39.38,32,6510.54,0
2715.29,99.64,27,403.26,1
1363.76,75.62,85,8259.07,0
3697.73,16.02,62,590.78,0
1551.83,70.87,78,1019.33,0
3303.52,77.75,32,7584.99,0
380.57,28.99,30,6642.93,0
1765.03,51.75,62,13445.86,0
1303.74,61.6,42,9816.02,0
3118.12,62.68,62,3127.09,0
2341.59,5.94,32,10873.13,0
880.83,56.22,26,7840.79,1
1196.15,51.8,74,12691.33,0
2319.02,68.99,21,8975.39,0
1936.71,79.84,4,7676.07,1
4762.26,72.14,9,9706.04,0
4299.41,86.39,15,1143.2,0
2205.67,46.93,21,471.42,0
2405.33,67.42,4,12214.46,0
3192.1,88.57,89,5866.32,0
2429.72,91.69,79,6837.73,0
2869.15,61.53,2,9205.46,0
4961.78,69.06,77,10808.21,0
2430.99,41.1,6,4478.37,0
1286.79,40.07,21,11627.89,0
351.66,2.72,70,1223.83,1
4057.19,11.27,80,5425.77,0
704.28,74.96,69,8284.93,1
2230.84,28.26,79,5427.9,0
1759.61,94.46,27,2702.27,1
3104.73,69.95,49,12683.39,0
1763.15,70.96,54,2006.57,0
3881.58,11.78,63,13171.28,0
3993.05,31.96,21,3283.48,0
3955.71,43.7,17,9827.89,0
4119.56,2.1,55,10909.48,0
1053.4,21.71,36,11825.85,0
4257.75,20.87,46,14393.08,0
2419.12,30.9,1,8818.46,0
4166.27,51.52,37,7398.43,0
1270.75,70.06,63,6089.27,0
3424.84,34.31,23,6251.47,0
3831.05,38.46,46,4134.94,0
584.73,6.73,78,5753.02,0
206.19,93.47,17,3438.6,1
1325.86,9.41,63,797.94,0
1279.69,64.22,23,14550.7,0
4244.25,90.39,20,3551.74,0
4366.28,0.43,57,13785.52,0
1404.12,61.1,78,941.18,1
2649.44,56.58,64,772.05,0
35.1,29.45,49,3005.52,1
330.52,59.07,46,2218.04,1
1882.81,45.21,13,14791.62,0
4793.42,73.06,69,8094.4,0
2335.56,58.03,90,4890.69,0
4980.16,71.83,41,2577.96,0
2323.64,79.81,76,1610.8,0
695.9,58.22,33,3629.09,1
3125.58,36.38,43,7509.43,0
4072.69,92.86,31,11658.61,0
738.66,88.88,75,7363.66,0
3325.71,92.98,78,3208.72,0
583.08,28.35,57,10151.39,0
3323.28,11.28,5,10608.92,0
2409.74,73.73,62,12757.1,0
1312.52,48.38,25,11887.07,0
4422.19,79.83,10,9953.58,0
1805.89,36.89,79,7589.6,0
3297.53,89.74,55,7978.94,0
862.91,68.18,69,8892.78,0
320.24,76.87,36,2479.1,1
1622.68,39.96,21,796.16,0
3381.58,86.1,38,7628.92,0
576.91,64.04,33,1736.09,1
32.53,96.18,32,4828.03,1
2111.32,84.14,25,12194.87,0
1447.66,82.7,40,13067.74,0
3679.79,47.44,74,9523.06,0
4347.7,87.05,73,13828.87,0
2087.83,62.75,68,14863.4,0
2779.68,32.01,2,5482.19,0
2548.9,14.5,17,7215.51,0
2764.83,24.34,16,7281.77,0
2775.17,37.5,6,3290.73,0
4944.1,56.14,73,12765.2,0
763.26,81.18,90,3404.93,0
1352.47,75.65,61,14594.32,0
2915.29,0.52,19,13722.01,0
3131.12,74.64,68,1121.12,0
2937.71,83.15,77,7359.63,0
1911.0,99.96,73,3091.44,0
1196.71,28.25,67,8222.06,0
1340.43,92.0,39,11931.03,0
3068.87,71.99,3,6498.6,0
730.28,44.74,30,7031.8,1
680.94,27.73,37,10293.81,0
478.37,72.82,62,14309.2,0
2417.59,10.93,26,11906.67,0
3477.21,50.39,8,13176.02,0
2320.03,93.25,41,12613.3,0
4139.17,10.58,56,5043.14,0
2016.08,91.16,78,9955.0,0
3353.4,41.5,57,1851.49,0
4058.17,49.66,42,13077.9,0
3276.34,37.46,39,305.9,0
3059.09,57.83,67,8600.95,0
2890.4,66.3,66,14924.86,0
3863.16,46.84,45,5329.32,0
3532.78,76.66,71,9571.23,0
4163.52,95.34,40,1784.29,0
2138.24,51.04,48,3907.14,0
1435.63,57.95,15,14042.37,0
310.98,11.69,60,4984.28,0
3116.93,55.55,66,8607.51,0
4143.37,40.94,73,7591.46,0
2397.73,92.76,11,6348.47,0
4525.72,16.88,27,7061.91,0
4754.13,39.42,62,13181.27,0
15.94,79.13,26,14766.54,1
4322.59,90.34,48,9127.39,0
1257.42,63.91,58,14324.43,0
2635.66,69.95,56,12384.26,0
1123.93,76.46,87,14186.83,0
1402.58,52.15,23,4928.42,1
3379.71,69.45,75,10185.9,0
1557.33,19.13,26,8149.62,0
968.71,72.15,33,586.95,1
4259.56,22.33,22,3549.2,0
3477.15,47.43,25,6722.0,0
4134.37,54.44,7,391.09,0
2425.3,56.72,77,14828.28,0
451.07,95.57,63,8957.5,0
2513.14,97.55,85,6982.86,0
2986.98,71.43,21,13671.76,0
4554.47,57.88,53,14112.2,0
1134.78,63.02,17,8983.36,0
2962.19,40.05,86,11833.74,0
4813.84,51.89,62,801.03,0
3141.77,21.37,82,2231.43,0
653.28,76.84,65,5587.73,0
1506.31,21.02,60,3400.05,0
1107.16,61.84,76,2512.7,0
4423.03,83.34,10,7977.66,0
3592.23,36.45,57,11011.46,0
4461.21,99.66,53,6769.56,0
500.63,57.98,27,9152.68,0
2493.9,98.21,76,2985.19,0
933.13,82.7,19,7521.14,1
3637.38,68.45,57,12095.9,0
4364.86,34.1,26,9106.25,0
4553.43,97.26,9,1494.59,0
1393.44,64.33,63,13801.39,0
941.87,55.13,40,12750.24,0
3181.73,6.56,58,2350.94,0
1825.96,36.51,49,10877.63,0
4422.07,80.44,18,5918.75,0
3178.14,52.28,74,14735.03,0
2743.46,33.38,73,8089.38,0
2545.7,7.16,50,4186.08,0
2236.04,42.23,50,12111.78,0
878.78,9.07,22,8987.37,0
1221.7,49.13,6,7831.69,0
3049.82,91.86,90,971.44,0
4390.55,55.92,63,12313.21,0
897.34,15.98,57,9396.19,0
603.52,78.05,73,2582.23,0
336.51,71.16,47,13754.33,0
4511.8,90.12,81,8778.08,0
2418.13,45.88,52,469.42,0
2068.79,10.03,13,13475.34,0
3304.06,25.12,16,8288.57,0
1010.75,17.02,59,4701.99,0
4467.39,6.66,58,1018.52,0
1511.03,8.7,51,1060.02,0
704.25,67.07,49,6374.32,1
4932.71,97.56,37,9779.52,0
2213.44,84.2,6,14351.99,0
2254.74,93.34,43,6430.12,0
1687.41,78.62,69,3861.88,0
1775.23,67.03,42,9903.86,0
4380.87,75.06,26,8663.82,0
2493.74,35.1,15,10128.35,0
1593.17,17.2,55,10070.53,0
1084.06,59.42,47,9927.2,0
600.65,79.41,51,7369.2,0
2543.17,33.92,56,3793.8,0
2338.06,59.41,75,6269.18,0
4197.41,66.68,73,8061.67,0
572.02,44.89,76,1741.52,0
4643.64,15.43,84,1461.56,0
4589.95,22.37,88,12403.01,0
1206.99,19.37,34,11581.41,0
4822.5,24.89,43,13220.02,0
4814.6,20.05,36,14805.13,0
3037.96,1.24,36,1340.73,0
2355.7,75.71,30,1157.52,0
338.05,73.39,77,13575.05,0
3886.25,69.34,7,2212.95,0
2816.41,70.21,14,9425.79,0
1134.97,37.99,85,6456.99,0
4086.96,1.24,31,9304.81,0
1711.44,91.91,65,434.51,0
638.21,58.81,48,3540.87,0
4341.96,45.86,73,2401.45,0
2909.44,87.45,51,14600.14,0
783.6,0.37,89,3040.48,0
1117.84,18.11,60,14780.7,0
612.72,13.01,17,5460.06,1
1433.85,53.95,27,2125.59,1
4595.26,32.43,82,6039.06,0
2392.42,81.67,35,4726.11,0
3235.89,85.61,74,13879.48,0
4104.83,50.66,22,6524.96,0
1558.01,78.76,72,13803.79,0
726.63,51.39,44,947.18,1
3240.05,69.89,41,13340.49,0
111.38,65.28,53,14039.57,0
2602.52,83.24,88,6088.18,0
4407.07,46.68,37,3995.42,0
4557.29,65.16,58,10053.19,0
717.18,75.3,78,6421.58,0
2308.56,53.8,1,12359.36,0
3745.21,95.92,78,12892.98,0
546.31,12.8,61,2068.84,1
1214.68,61.92,61,7708.46,0
3789.05,87.45,10,11109.51,0
3381.23,38.53,67,12552.01,0
243.56,56.68,7,12426.65,1
4584.89,77.97,10,7433.61,0
2269.84,79.99,13,10229.32,0
3076.08,33.77,42,13379.04,0
911.17,28.74,46,4249.25,0
2498.11,98.33,70,12689.92,0
3889.2,12.07,52,10191.83,0
372.78,53.27,29,10456.92,0
255.87,7.49,14,2682.83,1
1601.01,35.12,5,11224.87,0
4332.61,98.2,11,3033.9,0
700.1,31.67,49,12622.96,0
850.56,82.96,8,9026.79,1
2807.5,6.27,75,3242.22,0
3896.36,23.14,46,12101.18,0
1351.6,95.71,72,2171.61,0
906.99,37.83,66,752.5,1
966.6,42.22,87,2763.0,0
1562.96,34.52,35,12364.56,0
4027.61,57.51,82,5406.19,0
1576.64,42.95,86,3336.39,0
3873.98,15.88,28,9131.28,0
2292.91,52.52,3,5496.81,1
343.16,38.96,89,2756.26,0
3513.82,58.92,69,13610.44,0
3934.32,71.58,19,7632.31,0
475.82,65.2,67,3372.47,0
1259.36,79.04,15,4045.51,0
3561.29,29.71,77,1093.73,0
2871.61,90.93,37,2062.74,0
3617.15,39.73,6,5683.11,0
953.77,66.24,10,7288.06,0
4224.4,62.51,90,10722.7,0
1298.38,72.99,10,12515.8,0
4818.47,45.21,33,10745.47,0
2821.83,6.42,24,2795.0,0
2168.45,31.29,78,2465.92,0
1309.09,26.21,72,11398.65,0
4245.6,48.8,81,11977.88,0
148.99,6.9,4,2818.31,1
444.15,87.15,48,633.52,1
3173.81,25.33,38,8332.24,0
1555.69,77.03,53,7400.9,0
2094.13,61.6,15,6450.49,1
2597.58,3.42,4,2019.82,0
1771.61,64.03,1,11373.97,0
2283.72,52.07,88,14527.29,0
3336.66,52.88,23,2738.91,0
4545.13,23.8,39,5615.26,0
3029.5,95.37,6,2336.17,0
3939.65,89.85,14,7207.75,0
1637.5,10.53,61,13382.11,0
242.09,48.19,72,5119.05,1
3796.16,91.17,51,11245.23,0
4169.35,15.41,59,2776.13,0
1954.85,89.2,67,4969.17,0
1325.84,3.09,25,9426.24,0
4202.46,8.0,6,854.02,0
4418.1,94.12,64,279.44,0
333.12,0.19,26,4845.11,1
812.5,21.68,39,11295.67,0
2459.68,87.4,20,14060.55,0
3152.23,49.26,81,8695.71,0
4158.88,49.7,53,1320.82,0
1265.39,10.65,61,11610.62,0
2615.6,35.96,50,2128.97,0
3314.88,90.07,26,8886.0,0
3078.1,34.53,61,8864.59,0
354.53,11.96,72,3887.07,0
1154.42,25.74,41,8327.44,0
371.19,19.42,13,12580.76,1
3183.84,56.6,55,8817.0,0
717.16,5.93,85,10177.26,0
3231.44,44.5,23,1612.44,0
4328.83,26.66,42,8497.68,0
3204.24,52.49,68,3577.78,0
4304.87,56.95,20,12604.53,0
4327.55,25.58,74,2895.38,0
985.53,66.7,53,11430.53,0
4764.38,14.41,58,7907.55,0
1446.1,97.39,28,8900.99,0
3057.45,39.89,80,8080.49,0
4133.87,39.11,15,3868.58,0
4730.33,12.28,2,2883.1,0
1740.3,84.0,37,14995.92,0
4584.47,68.09,77,13930.45,0
2909.93,11.63,48,14258.19,0
1387.83,69.52,17,14338.01,0
2734.14,37.32,68,13382.94,0
4334.99,14.4,42,6429.3,0
738.16,75.24,36,14623.08,0
1814.72,9.5,14,11058.76,0
4354.37,73.78,90,14158.9,0
1267.24,70.84,55,14177.67,0
574.64,35.35,5,5492.36,1
4195.46,18.12,16,808.55,0
1254.79,19.69,54,8953.25,0
4005.05,20.78,55,7243.4,0
4489.06,37.85,48,9660.11,0
4300.12,8.62,89,4350.29,0
4966.28,84.78,46,9123.06,0
810.43,65.62,5,2193.85,1
3380.9,51.14,68,5975.06,0
1255.38,5.86,39,13687.06,0
1600.47,72.74,54,4983.27,1
2384.14,77.91,56,14865.36,0
2172.28,94.35,47,2229.9,1
1379.82,46.14,14,3420.33,1
1161.12,79.59,66,7737.19,0
1293.94,95.25,78,155.85,0
1097.32,54.02,68,7807.71,0
304.27,75.9,37,8541.21,0
3936.86,10.1,2,10069.44,0
1301.08,64.99,15,6139.64,1
3006.39,82.73,3,7033.65,0
4245.4,10.19,60,7581.79,0
2836.5,96.94,19,6854.39,0
2397.69,3.1,6,5458.65,0
911.62,43.58,34,6228.6,1
2563.1,44.68,55,1974.63,0
1299.68,6.96,10,8255.0,0
2530.4,25.46,1,13346.08,0
38.07,49.41,34,1576.46,1
4988.92,54.82,58,14005.02,0
1164.19,5.71,83,6717.35,0
3828.04,17.19,14,1132.9,0
1148.73,87.06,15,10282.41,0
2392.9,92.58,23,12052.33,0
2111.83,65.21,49,7757.34,0
1993.23,87.57,39,8104.93,0
4951.42,57.77,47,13565.7,0
1386.33,94.2,49,8430.18,0
3257.76,56.53,86,8075.4,0
4721.7,7.91,55,9684.29,0
2654.11,47.55,82,10649.66,0
350.72,78.03,24,2372.39,1
2792.5,8.32,73,11831.0,0
4634.61,36.38,60,1746.29,0
677.37,35.9,69,2743.48,1
4618.15,69.83,67,10210.46,0
4025.98,48.73,48,2463.11,0
276.1,21.48,23,9488.08,1
710.58,85.53,24,2113.36,1
1672.46,31.43,11,7528.41,0
1651.06,42.78,2,8913.18,0
4949.61,81.64,42,11364.79,0
2292.3,26.84,63,1535.54,0
4093.11,91.19,86,8301.66,0
3005.71,84.7,66,9011.75,0
2748.54,33.65,28,1511.45,0
1045.76,55.34,47,5103.86,0
576.64,79.43,57,754.77,1
1190.56,61.18,69,13634.39,0
666.08,48.78,1,2519.79,1
4573.27,23.43,19,12308.18,0
2850.54,34.8,72,14194.67,0
4358.11,68.19,87,8761.33,0
150.56,45.51,2,1303.93,1
2791.92,77.58,69,10818.41,0
3542.49,38.87,17,8680.14,0
1550.72,36.04,46,11379.93,0
1757.45,4.01,44,3890.27,0
2920.31,69.64,55,1314.16,0
1336.14,65.79,7,1402.65,1
1201.88,52.47,73,9070.11,0
3523.26,76.44,45,268.07,0
1444.66,40.47,43,2352.79,1
1493.62,16.26,64,3368.46,0
4627.3,36.87,25,10676.42,0
1642.77,31.43,16,653.18,1
3231.34,79.76,67,14140.93,0
3804.97,60.19,39,6186.29,0
4701.15,42.91,2,10042.98,0
1259.03,21.02,66,484.53,0
486.99,63.15,60,10385.64,0
3159.36,86.28,85,1173.09,0
3773.51,95.69,41,4059.55,0
3320.55,63.75,17,5240.17,0
4933.79,4.35,3,2634.44,0
3999.08,60.81,80,5689.61,0
2956.49,20.34,36,9295.35,0
2061.11,24.54,39,12477.91,0
2149.47,41.14,59,11307.7,0
1847.08,63.4,33,891.62,1
3940.34,41.89,89,4622.06,0
4545.56,19.71,37,7197.22,0
1121.32,61.74,55,9938.66,0
3193.46,19.3,23,12338.32,0
3666.54,84.82,18,6208.59,0
1654.83,44.95,42,5854.08,0
615.36,81.59,77,6403.31,1
17.34,36.45,20,14872.74,0
3623.43,28.7,15,13009.13,0
2583.59,80.46,38,13841.51,0
1968.61,74.35,56,281.75,1
1226.79,79.3,18,5333.26,0
3258.88,66.93,83,4766.44,0
402.67,85.96,37,6.2,1
3215.2,81.04,65,5056.32,0
2074.3,41.53,48,13191.04,0
2905.57,88.73,36,2518.25,0
1664.3,6.81,87,2953.79,0
3273.35,55.52,20,11436.55,0
81.27,97.99,14,9707.62,1
1993.74,94.75,25,11007.35,0
1742.02,7.76,7,4175.17,0
3123.07,10.93,10,7860.87,0
4118.87,22.51,84,9558.36,0
3139.03,87.03,57,14700.58,0
2796.33,39.06,55,13782.53,0
1751.19,81.95,27,3947.97,1
3887.84,45.33,88,7995.31,0
2116.34,79.03,21,133.13,1
1674.96,46.91,53,214.58,1
2186.38,89.56,56,2581.13,0
2469.84,69.39,4,8072.24,0
4762.69,73.35,54,6355.02,0
3468.77,27.98,61,14633.17,0
3458.86,97.66,37,5595.95,0
1439.08,53.73,64,169.46,0
1758.39,14.34,15,8986.91,0
3522.21,69.36,83,11975.27,0
4209.18,81.43,60,163.66,0
3993.27,3.23,78,11321.73,0
3210.08,67.14,36,3507.91,0
3084.03,27.01,7,8417.84,0
3670.53,74.75,74,7825.5,0
4922.11,1.25,73,12227.51,0
119.62,22.39,67,13082.72,0
1137.39,57.61,48,1401.11,0
3344.39,94.03,85,12486.6,0
4637.63,66.1,27,13390.57,0
2345.46,59.93,57,8960.36,0
2782.45,71.61,71,8084.53,0
1700.14,88.73,46,2584.87,0
4506.87,5.67,51,3579.32,0
1915.6,10.28,32,20.19,0
1394.91,78.19,59,501.21,1
2866.33,85.12,60,7879.29,0
4814.59,42.47,47,224.19,0
1042.44,83.07,12,5368.05,1
3253.3,6.6,45,14710.09,0
4828.67,20.35,33,8695.85,0
1575.86,71.97,20,8507.04,1
985.29,96.61,62,7747.22,0
3022.93,7.64,62,350.44,0
2470.43,7.92,73,6605.32,0
3575.77,77.36,53,3862.5,0
4126.62,98.9,61,1118.75,0
3661.61,29.29,78,14525.49,0
2823.64,75.16,46,5544.34,0
784.64,13.28,64,7480.12,0
3129.24,27.63,40,397.58,0
11.14,67.96,20,11987.9,1
1277.67,16.75,68,14561.52,0
1371.05,0.64,90,8835.06,0
4549.88,15.36,13,6571.86,0
1816.57,8.73,75,7090.96,0
2632.66,55.86,41,11018.99,0
4278.61,0.27,63,5248.05,0
1041.38,90.38,24,123.14,1
1206.19,7.75,23,10983.64,0
1437.06,93.62,16,7165.86,0
102.1,10.15,4,1169.17,1
4041.08,21.8,44,13510.98,0
570.44,60.39,85,9496.27,0
4847.39,43.39,55,7615.02,0
863.74,33.36,50,14256.61,0
4098.06,82.52,31,10641.01,0
2717.11,12.95,39,8300.81,0
3598.85,76.9,68,10774.8,0
2545.66,96.37,28,2003.36,0
1489.31,20.3,70,896.61,0
2438.07,49.94,24,7346.44,0
4235.94,3.76,27,12877.08,0
2054.55,58.32,64,9312.47,0
4743.54,31.3,87,10061.14,0
3484.06,50.4,15,7426.44,0
58.4,49.89,18,7005.9,1
3904.95,75.29,32,11594.13,0
4071.62,49.96,37,9814.78,0
388.47,37.25,89,7131.35,0
3998.93,49.22,33,4485.59,0
853.89,37.67,18,8701.45,0
2322.84,10.32,32,14584.89,0
3914.88,40.02,55,3388.47,0
4118.39,58.93,41,6576.51,0
1955.98,91.77,59,6753.9,0
1778.44,32.92,25,10727.91,0
1862.53,37.02,57,13785.23,0
3679.34,12.88,38,12325.95,0
4949.49,5.12,4,2016.33,0
404.01,82.85,76,12573.75,0
2570.84,4.18,57,3644.03,0
3776.69,66.66,10,11403.3,0
1392.19,47.46,77,12912.35,0
1204.14,88.92,16,14744.8,1
1121.2,33.5,9,9397.06,0
1538.27,23.87,15,13906.05,0
4184.04,85.55,42,5579.27,0
4055.53,76.18,53,12924.06,0
1205.57,96.36,2,9244.09,1
3928.34,27.97,74,2602.43,0
2978.73,56.68,23,4522.62,0
1057.19,20.88,49,14518.38,0
2194.27,14.79,33,10864.4,0
1182.88,20.81,61,656.35,0
981.13,74.54,64,8433.63,1
18.04,92.17,56,10302.68,0
1331.25,39.14,66,430.0,0
2427.2,79.19,76,4218.67,0
751.28,10.73,8,1825.0,1
2990.79,32.47,17,14765.88,0
610.48,47.61,15,3873.63,1
2286.68,39.7,48,8677.0,0
1103.4,82.88,30,10959.92,1
4317.83,20.88,32,9218.17,0
706.18,89.38,35,5037.05,1
2595.23,51.11,69,11066.24,0
2213.51,42.5,60,14403.47,0
4263.55,4.36,61,12652.72,0
1703.39,28.12,7,4116.18,0
3836.4,79.54,64,14957.36,0
1209.48,13.49,81,12432.35,0
3802.13,43.72,84,13746.72,0
2978.48,72.46,18,12894.54,0
1531.85,82.32,2,10147.69,0
4312.21,60.47,59,11920.94,0
2639.59,0.85,65,9262.91,0
1878.25,22.2,75,1028.57,0
4318.6,46.15,76,13934.85,0
3431.55,91.2,6,237.96,0
982.46,41.59,62,13408.96,0
982.64,19.91,63,2496.35,0
495.54,56.62,71,6150.35,0
3833.26,92.51,87,4761.74,0
3418.24,26.08,10,4849.49,0
4272.22,96.78,40,5477.43,0
2607.58,26.75,84,11300.59,0
4963.14,83.9,78,3127.65,0
4522.43,2.09,12,9145.35,0
2043.12,70.35,2,8223.0,1
3692.61,45.22,90,7131.16,0
4094.54,8.78,70,10126.97,0
796.92,83.82,89,7462.55,0
4457.8,83.67,44,12724.03,0
733.31,45.37,81,9064.21,0
66.94,11.96,48,2728.49,1
2063.15,25.2,47,10646.69,0
930.27,94.87,88,8650.21,0
446.21,80.29,15,13805.99,1
1922.21,84.31,2,10088.73,1
3380.93,44.63,43,13553.78,0
2773.31,84.6,23,11508.2,0
129.1,96.99,22,7316.44,1
1411.32,18.33,78,14996.15,0
3966.81,82.49,17,13052.39,0
2424.09,88.94,63,6600.56,0
4451.27,11.68,87,6143.33,0
4104.9,48.01,90,5712.5,0
2306.6,4.61,40,10678.92,0
2347.18,41.59,3,11041.5,0
3905.25,18.63,69,7797.38,0
2365.39,79.3,52,12482.78,0
3381.57,54.46,12,583.52,0
1281.01,86.19,6,12266.23,0
1935.69,61.18,13,5437.82,0
3155.26,88.41,62,5145.31,0
1514.99,56.61,62,11883.5,0
3843.64,52.96,44,8202.97,0
1394.22,7.6,63,14350.67,0
792.57,25.22,24,13560.02,0
4435.1,83.28,25,5806.55,0
1014.43,42.16,79,12127.46,0
2396.86,57.26,26,5303.64,0
1988.12,82.92,60,8030.74,0
1765.38,45.79,9,11281.65,0
1685.97,28.06,26,13928.74,0
524.32,52.35,23,7642.7,0
2087.17,22.98,89,2092.72,0
2459.23,36.84,43,10724.45,0
1321.31,43.01,45,10734.91,0
97.83,25.72,84,7123.12,0
4296.33,57.83,90,4625.06,0
2180.47,91.12,18,9873.0,0
1704.89,96.88,13,1382.37,1
3320.44,10.71,65,7437.84,0
976.58,21.71,56,10669.23,0
436.22,22.22,80,9230.25,0
3342.18,99.85,43,4569.7,0
2439.38,4.58,50,7687.38,0
4046.09,46.47,60,990.97,0
3083.83,35.13,68,1283.35,0
852.72,58.06,38,70.68,1
4901.11,92.34,44,12739.49,0
2721.63,82.5,38,6970.68,0
1848.94,96.02,78,14289.83,0
3906.67,98.18,75,11628.77,0
3300.96,49.99,17,14884.79,0
1544.21,5.93,77,945.85,0
477.97,30.36,76,1934.09,1
395.89,64.08,28,9101.33,1
550.08,12.43,85,12635.03,0
3562.6,70.61,45,6127.33,0
4485.36,46.81,88,841.88,0
1337.63,99.36,37,8471.83,0
4748.38,73.99,44,1649.91,0
174.6,56.13,49,6935.4,1
599.86,73.51,41,4350.52,1
488.14,4.96,25,3586.09,1
2302.6,53.17,14,5329.31,1
2824.5,97.53,50,11073.99,0
3117.52,40.06,89,9839.04,0
3580.85,53.72,58,1279.43,0
170.42,70.53,20,11769.08,0
3747.13,8.4,4,3198.83,0
2361.73,18.17,68,14477.8,0
3327.01,1.28,85,8271.28,0
3658.1,66.56,15,3368.71,0
2414.14,24.27,19,6498.47,0
1678.21,70.52,54,10007.55,0
4071.08,68.77,32,12111.4,0
3217.58,15.74,14,12542.71,0
2287.61,89.32,41,7.71,0
3553.14,65.96,24,5706.87,0
4948.9,35.44,25,9638.12,0
3560.07,98.53,67,2553.12,0
715.05,21.35,31,1306.42,1
3679.42,93.42,3,5407.35,0
2089.8,88.33,88,5614.73,0
4957.48,23.01,41,6150.1,0
1282.37,22.53,21,9742.92,0
733.05,33.97,57,11759.54,0
2496.79,90.09,14,11830.86,0
4042.58,29.82,43,13922.97,0
3737.07,30.17,28,14449.73,0
4151.92,69.4,65,13452.99,0
3643.94,20.47,24,5980.26,0
3771.41,46.39,16,4737.79,0
4943.98,62.8,71,2930.62,0
848.38,0.88,59,12360.83,0
4512.58,10.76,90,7575.71,0
4456.46,15.76,76,828.78,0
4472.88,69.68,81,11682.41,0
1056.12,98.3,77,13591.02,0
3303.53,70.16,32,3139.36,0
849.32,21.55,48,5153.35,0
957.81,82.39,57,3706.23,1
2140.2,7.37,7,12969.47,0
3140.26,93.43,57,13824.68,0
4464.96,5.6,47,6936.89,0
1984.89,12.46,90,12486.97,0
1294.58,74.78,10,10227.79,0
1837.05,81.17,41,8781.09,0
2918.19,17.96,86,9972.69,0
1690.24,93.99,12,7471.64,0
4661.16,97.65,73,1413.23,0
4739.3,44.29,10,11702.49,0
3273.36,77.69,32,3721.07,0
3136.0,19.05,48,169.61,0
2364.03,40.73,57,8233.63,0
4036.87,71.7,27,11335.09,0
2686.13,53.07,56,8729.05,0
730.15,63.0,35,9140.54,1
2575.0,16.41,55,934.67,0
970.89,94.81,8,3184.11,1
1881.98,64.65,23,2772.25,1
3567.25,11.12,16,5053.61,0
4668.32,73.46,60,4250.21,0
4326.2,10.78,10,8622.24,0
1300.98,35.96,69,12761.35,0
4572.24,45.19,47,812.68,0
327.86,34.96,87,14500.67,0
3134.07,10.24,48,3177.92,0
4016.77,31.72,47,2672.47,0
1860.24,43.18,68,5876.77,0
2290.83,16.81,11,530.08,0
494.13,46.97,72,1077.89,0
4525.81,69.78,76,4901.06,0
2875.43,78.73,60,7317.23,0
4907.9,89.57,62,7448.98,0
4148.17,42.76,26,1412.37,0
778.16,85.91,84,1368.06,0
3837.31,90.26,49,7244.3,0
1886.65,29.14,31,7887.38,0
2337.76,69.92,15,13755.47,0
3743.15,58.69,32,7380.63,0
3156.27,9.48,86,12275.03,0
1736.9,74.37,33,10861.65,0
271.03,91.77,43,713.2,1
4067.56,2.03,12,12441.59,0
3719.59,9.1,9,11287.48,0
4427.35,28.42,22,11946.33,0
159.17,11.06,72,13673.97,0
94.11,66.78,59,7023.26,0
1828.66,11.29,24,4996.83,0
3251.82,39.07,53,9888.42,0
4111.54,9.82,81,5831.17,0
4450.44,19.32,45,11705.35,0
2191.06,61.32,65,11188.32,0
80.21,68.6,9,3182.76,1
456.06,20.96,86,10565.17,0
4968.13,73.07,90,12639.63,0
4662.93,49.5,48,2547.29,0
1907.97,12.34,2,863.95,1
1200.18,19.83,74,9159.92,0
3499.35,52.3,51,7341.44,0
2249.61,4.01,73,2799.04,0
252.22,36.51,39,13699.62,1
4529.14,79.31,29,8752.25,0
2731.69,80.4,16,4016.24,0
4983.24,69.29,82,7471.96,0
4075.25,34.36,63,13416.29,0
31.49,80.26,10,1183.43,1
2164.12,6.59,87,1891.54,0
284.0,81.92,40,10893.69,0
4233.18,6.67,12,2402.93,0
4196.9,88.77,79,9784.15,0
135.7,50.7,76,1031.87,1
692.79,80.3,10,6257.98,1
2342.91,39.82,19,9947.21,0
2457.3,49.45,60,2748.65,0
1321.46,20.67,2,12907.67,0
3326.04,34.86,8,10534.63,0
1559.19,41.73,81,12273.99,0
3528.98,4.31,73,5007.28,0
935.24,5.85,34,5359.7,0
4562.03,99.77,36,7595.19,0
311.5,43.49,67,11973.51,0
473.49,74.54,46,8802.02,0
4714.91,76.45,24,11426.9,0
347.75,19.48,31,3437.4,1
4868.88,62.5,78,1510.17,0
1756.26,74.76,8,4008.85,1
2688.24,18.83,46,5070.85,0
508.67,79.65,52,6943.32,1
632.78,35.01,29,7455.61,0
531.11,57.73,57,3964.84,1
180.42,72.06,61,4207.55,1
1290.17,56.67,6,12215.3,0
3858.03,67.31,15,1597.25,0
3164.03,18.19,2,1963.43,0
1076.81,81.9,24,13549.53,1
771.81,56.98,86,2656.16,0
1742.14,9.81,63,7287.94,0
2788.4,98.39,22,1101.04,0
2307.09,60.76,61,5435.37,0
4069.77,39.0,17,9897.04,0
1931.11,61.11,40,7808.09,0
4081.58,47.64,82,10996.7,0
1152.78,3.45,73,2653.78,0
1823.92,36.11,33,11754.94,0
1683.27,56.52,40,10912.71,0
4557.09,38.84,78,12958.19,0
594.15,35.84,14,13210.1,1
18.66,15.57,15,12368.83,1
2287.64,98.27,66,9854.49,0
1640.69,23.87,73,14777.52,0
1411.83,37.76,15,11455.57,1
3813.21,19.92,53,5843.58,0
3718.62,42.06,14,8267.46,0
1837.55,79.32,28,2725.44,0
4106.18,79.41,19,13884.2,0
3508.11,16.95,86,5521.56,0
3625.34,55.56,48,5631.95,0
4778.21,47.8,30,8320.29,0
3492.9,46.66,23,4295.33,0
1300.56,67.69,58,5447.76,1
472.98,42.36,26,14239.47,0
3022.58,77.68,51,2926.51,0
4330.36,71.93,34,5619.32,0
1346.53,23.15,81,6342.64,0
304.08,21.01,2,996.6,1
3378.15,5.36,27,374.08,0
4736.12,77.44,11,2527.85,0
95.7,8.02,19,13952.48,0
638.34,51.45,42,8591.11,0
1410.43,23.39,39,3161.82,1
28.41,85.53,83,6473.29,1
1575.66,39.19,77,8643.11,0
4458.42,85.87,15,11014.4,0
4194.21,92.74,86,8326.32,0
2917.16,25.29,21,5134.06,0
1994.15,59.96,52,466.96,0
1158.95,2.93,24,11369.11,0
686.53,95.8,14,13652.76,1
1927.38,38.51,52,12448.01,0
3747.95,79.59,62,9779.94,0
4745.33,80.55,25,747.16,0
801.62,76.35,58,6938.91,0
675.33,86.75,26,9484.78,1
862.62,52.84,33,6163.48,1
914.98,31.38,79,12165.85,0
2027.14,64.48,73,5498.06,0
1493.6,72.75,69,14825.72,0
1534.84,86.33,68,9621.5,0
3766.15,64.24,68,10866.87,0
4078.05,41.6,35,4395.45,0
393.31,11.68,30,8397.23,1
2196.87,57.02,24,14558.4,0
2702.93,85.32,68,14566.26,0
195.67,7.95,28,14908.49,1
563.14,3.23,61,8314.43,0
2651.17,79.84,24,8979.22,0
1716.28,26.5,60,7614.29,0
3301.56,50.47,51,13907.53,0
3762.75,46.82,80,12790.1,0
4470.51,26.08,70,6156.37,0
1038.47,6.73,88,12334.1,0
27.55,41.98,29,9392.5,0
1278.5,7.43,3,5183.1,0
2645.61,51.71,60,9160.42,0
3591.54,38.01,85,13781.54,0
448.28,85.92,66,11778.1,0
125.92,93.39,78,5827.24,0
1387.99,91.56,60,7910.47,0
3647.66,71.39,75,6214.47,0
4615.15,95.05,35,7104.51,0
2517.02,1.43,41,4473.84,0
3534.94,85.29,75,3979.18,0
1367.46,30.25,90,8925.37,0
3437.51,67.47,89,7318.18,0
17.75,33.27,62,14697.67,0
473.04,4.76,25,8360.41,1
3881.44,78.82,14,6762.85,0
3903.74,90.72,88,9946.93,0
4512.81,10.1,28,11591.72,0
4298.7,86.3,87,5036.88,0
3527.76,8.94,88,7531.95,0
2527.88,12.31,88,4696.82,0
742.01,86.84,40,5302.22,1
2337.07,31.16,71,11336.54,0
939.37,33.51,48,10691.61,0
440.01,80.64,36,232.56,1
708.92,25.35,70,12690.11,0
2409.81,14.69,44,7749.43,0
3715.58,60.18,14,13864.3,0
940.49,70.84,53,3916.78,0
4275.6,23.72,36,11498.25,0
3969.0,92.92,51,1615.55,0
2114.1,51.08,29,10498.24,0
4390.0,35.26,51,14301.02,0
4150.12,48.25,12,13630.05,0
1479.46,0.81,82,4484.9,0
3528.05,75.87,73,3867.67,0
4253.91,89.81,87,923.89,0
1304.3,78.77,85,9586.42,0
567.71,65.65,33,9020.42,1
3083.31,3.31,8,1407.22,0
3359.54,11.16,10,901.93,0
2275.24,3.98,87,3998.64,0
4301.77,5.49,30,9885.93,0
559.98,2.77,69,2699.62,1
2320.1,73.22,5,13820.56,0
1467.5,97.94,40,351.17,0
3408.44,50.79,78,9005.94,0
774.39,89.66,88,703.29,0
3254.83,19.69,47,7721.11,0
1152.29,96.61,15,12047.16,0
3368.31,68.86,16,802.48,0
4691.71,70.23,82,2441.48,0
4094.71,40.41,75,4083.59,0
1732.97,82.23,58,13431.08,0
3708.21,29.32,52,5924.05,0
2062.51,42.38,28,7801.01,0
1744.34,96.63,54,1461.98,1
4285.34,80.12,18,11688.98,0
2836.61,35.53,86,13561.31,0
76.67,71.88,21,6962.25,1
3786.93,48.2,20,5378.49,0
4535.36,55.58,76,14380.09,0
77.13,51.7,16,40.9,1
2406.24,54.04,87,5741.47,0
3800.32,6.83,19,8231.02,0
3526.8,42.24,35,540.05,0
4270.5,23.1,78,1020.16,0
3368.49,26.92,60,2293.17,0
1226.31,3.04,18,101.6,1
2925.95,38.86,51,13513.11,0
1688.78,90.08,57,12223.37,0
1577.64,55.21,15,13198.81,0
1612.6,0.36,26,7027.51,0
4058.36,70.12,90,2970.66,0
3329.67,38.02,43,4299.93,0
4104.21,9.69,38,6813.34,0
4785.61,54.69,5,11605.96,0
1421.4,51.11,28,9474.45,0
218.28,9.27,51,14991.5,0
4597.33,33.32,50,1579.49,0
2544.27,9.57,67,12198.65,0
1269.13,84.12,61,14278.19,0
2365.54,31.39,32,8400.86,0
39.77,16.83,57,9581.01,1
4614.95,21.84,79,3226.72,0
3702.61,32.99,76,6767.61,0
2856.03,91.16,33,14169.34,0
90.45,1.42,45,5862.67,0
4425.25,47.65,66,12445.18,0
410.17,54.29,11,9099.36,1
3743.49,65.93,34,2634.88,0
2165.27,60.2,19,13837.93,0
1006.84,86.54,47,5988.48,1
707.2,78.01,49,2593.09,1
1606.24,25.86,63,8112.33,0
2399.32,33.45,48,8822.67,0
4416.68,9.79,77,3364.62,0
4556.67,18.9,89,9794.86,0
4925.17,54.06,77,8882.44,0
2556.31,68.49,40,13039.65,0
4676.27,6.59,85,8581.66,0
1400.15,56.14,41,3688.77,0
1964.53,78.91,76,14015.7,0
4651.07,22.45,80,1003.35,0
4905.2,64.07,74,6217.73,0
830.82,5.71,17,9959.0,0
155.67,80.3,90,10829.05,0
232.78,35.34,4,3723.26,1
110.46,29.36,75,11455.89,0
1954.2,96.03,88,14081.33,0
3733.77,90.81,16,2803.87,0
1248.04,86.64,70,13470.02,0
3410.32,3.52,63,2013.46,0
1845.3,45.89,2,14615.98,0
1621.56,22.44,62,1606.08,0
3731.27,33.85,71,12650.7,0
1794.31,84.45,83,11272.77,0
824.44,32.22,74,8001.17,0
2068.43,47.4,70,13034.58,0
759.69,22.38,32,4965.23,1
1203.37,0.18,79,659.1,0
3161.12,40.91,58,13834.43,0
4893.72,17.02,54,4267.05,0
4962.53,99.19,47,8735.92,0
220.94,51.01,72,953.12,1
4241.53,51.67,75,12951.69,0
3933.68,82.24,32,3233.88,0
4833.98,75.15,25,10294.02,0
1329.98,57.56,54,3140.68,1
2197.33,58.54,65,8901.47,0
2543.91,53.96,14,7681.53,0
3036.94,73.02,45,7611.72,0
4676.49,32.67,40,855.89,0
3089.08,45.11,60,170.1,0
4460.02,35.37,81,1107.92,0
2426.83,26.52,72,8525.06,0
2433.34,65.51,86,13943.08,0
2283.41,45.53,9,13509.3,0
4682.39,25.64,27,8725.18,0
2881.08,46.07,19,9912.68,0
1911.3,28.96,46,3882.36,0
4035.26,73.42,61,14288.49,0
2114.37,4.52,55,10628.09,0
192.2,99.07,4,7689.55,1
1102.82,25.82,56,4535.32,0
481.34,87.38,73,13306.3,0
3396.25,58.57,30,8663.58,0
1464.09,10.56,74,12476.57,0
4537.13,72.09,64,9710.9,0
592.54,59.75,48,4324.45,1
4554.91,73.3,66,11056.65,0
1517.4,39.58,86,5721.91,0
2661.34,67.78,87,5462.06,0
2728.55,35.43,17,13169.17,0
985.05,52.14,79,8310.3,0
1425.54,11.37,30,1089.7,0
4533.46,25.76,80,4501.11,0
2696.78,4.52,37,4289.58,0
1764.89,11.34,69,8751.8,0
4569.96,62.95,40,5344.68,0
2324.06,92.6,59,6431.7,0
2535.33,39.51,16,310.68,0
3483.13,14.08,72,5543.9,0
1156.37,67.55,25,8505.8,1
4093.68,90.83,33,1100.22,0
3061.1,98.09,31,14096.03,0
1042.1,45.43,76,5786.38,0
4950.45,37.62,49,5040.94,0
3161.39,72.35,79,648.88,0
3586.14,67.3,22,11436.51,0
920.13,21.54,87,11626.51,0
908.11,18.11,50,11547.41,0
4880.89,94.47,67,12305.83,0
1513.9,81.46,1,15.77,1
2078.43,62.18,7,1749.09,0
3624.63,93.97,22,5949.32,0
288.38,17.39,63,10381.02,0
4601.59,76.32,14,4729.66,0
1576.03,94.98,15,6168.39,1
4265.72,45.92,14,14306.48,0
3216.55,66.72,26,7325.42,0
1794.99,95.66,57,13006.68,0
2138.17,98.7,3,12835.17,0
2126.33,53.16,85,499.42,0
1587.03,30.19,80,12019.1,0
3842.31,51.9,34,6852.81,0
1358.55,95.94,50,2563.15,1
3324.27,69.52,78,12141.6,0
933.37,86.94,89,11614.53,0
3677.71,38.84,69,11629.52,0
408.47,5.1,27,11048.63,0
4359.13,34.84,69,4517.93,0
4655.14,60.53,67,462.96,0
2162.52,34.08,70,2925.78,0
4642.07,89.35,48,3408.91,0
1460.5,73.14,70,5480.45,0
4861.9,26.1,38,10369.47,0
3321.36,12.19,7,5102.89,0
1164.42,85.51,86,7674.53,0
203.1,42.2,70,224.38,1
1672.55,16.68,15,5013.26,0
806.13,41.2,14,2841.59,1
3419.75,63.79,76,10354.46,0
647.83,56.68,72,11792.0,0
969.81,33.94,38,5392.7,1
2874.03,40.01,59,4820.38,0
226.68,60.32,14,691.07,1
4412.93,0.45,53,13374.12,0
466.71,15.97,53,3252.93,0
4153.93,63.82,41,4245.71,0
206.03,53.6,46,2425.33,1
207.46,8.33,60,7931.49,0
2964.41,20.59,56,2349.91,0
3223.08,96.73,29,12150.07,0
1338.32,92.73,1,8753.56,0
2532.35,47.57,29,10968.17,0
3816.67,3.27,79,3915.81,0
3084.28,75.86,53,12052.12,0
194.74,38.53,51,6512.9,1
4015.56,12.37,23,4334.38,0
3867.24,14.39,16,5849.38,0
3916.95,82.13,47,8407.08,0
4437.24,13.22,32,13345.44,0
4439.86,36.9,39,401.1,0
3384.17,78.28,75,1017.14,0
2276.1,28.7,66,10253.63,0
4161.51,34.67,29,14832.61,0
4577.96,35.36,86,2215.02,0
4658.89,7.99,37,12696.3,0
3241.46,6.68,36,11565.79,0
2645.67,97.46,77,4343.84,0
4923.56,59.91,39,11606.42,0
2288.97,32.41,58,14360.18,0
1968.83,1.39,13,7009.87,0
4740.01,93.25,35,915.89,0
177.91,45.15,64,5876.8,1
494.7,20.23,87,10096.89,0
13.35,95.93,84,13770.59,0
3746.41,95.16,7,789.02,0
88.44,59.9,18,4956.48,1
837.06,25.98,25,14452.92,0
4691.03,84.4,82,4051.15,0
3101.84,82.49,31,13274.54,0
4228.95,5.29,90,14884.86,0
4985.9,88.82,12,4365.57,0
360.83,90.41,53,2040.73,1
175.98,43.6,71,8442.94,0
976.59,88.86,19,8578.55,1
1458.6,88.71,9,13208.25,1
804.42,59.14,47,11289.43,1
1021.54,49.43,37,12464.02,0
4503.57,80.17,25,8333.1,0
1796.76,20.76,35,3179.79,0
3717.26,27.31,31,13114.66,0
3451.27,38.25,41,7590.81,0
4320.1,57.51,12,67.67,0
414.73,95.75,36,12176.57,0
2609.33,54.04,49,6814.15,0
212.93,47.36,87,6144.49,1
449.52,27.47,87,2607.15,0
1766.34,38.38,49,6311.2,0
3476.2,74.28,11,7990.64,0
3613.63,30.14,36,11154.65,0
3494.47,20.83,35,11397.04,0
3732.16,30.53,88,5866.45,0
658.92,64.51,43,3745.61,1
4447.48,31.16,75,10737.9,0
242.39,44.68,1,10541.49,1
2301.62,74.45,69,11113.46,0
3277.34,8.83,18,9518.63,0
3336.76,90.55,78,10913.88,0
4610.86,42.25,20,1734.67,0
3971.1,62.12,37,5014.78,0
250.66,15.41,9,6091.34,1
87.43,56.05,62,7744.85,0
4765.18,58.73,79,4554.18,0
3935.42,57.91,82,1105.79,0
1832.47,24.5,65,6816.22,0
4721.93,20.71,82,287.67,0
354.73,58.87,48,6894.16,1
1713.07,20.49,24,6497.52,0
1782.41,50.51,66,3942.11,0
784.92,78.8,48,12213.83,0
2305.81,22.52,38,10281.0,0
1574.3,26.92,60,6484.39,0
2292.91,10.62,27,12437.68,0
1030.67,13.61,17,1041.39,1
2637.13,5.53,13,4977.13,0
1088.09,89.75,60,3358.32,0
4266.87,79.11,76,12037.58,0
3056.88,66.2,26,8550.76,0
794.95,69.32,77,6491.59,0
44.99,78.23,73,13372.98,0
3300.47,79.98,83,14755.66,0
601.56,3.19,75,7431.13,0
2585.32,85.96,39,8343.46,0
3101.67,27.07,62,14.34,0
3166.95,33.62,52,12852.16,0
1591.4,84.34,28,11879.43,0
3324.18,18.61,22,4912.76,0
3797.59,41.79,7,4124.21,0
4721.15,67.57,24,13398.51,0
1422.25,67.23,34,3031.4,0
3957.95,73.8,38,374.53,0
3137.18,83.89,38,13855.75,0
2379.7,32.85,41,2256.76,0
3441.59,55.63,29,9939.22,0
3388.08,29.7,43,3463.44,0
3083.26,79.36,7,13492.52,0
2174.22,4.09,32,10368.41,0
3327.69,71.0,4,1351.92,0
1925.16,24.04,34,137.45,0
1766.61,24.61,1,2210.38,1
4318.81,54.98,6,14633.17,0
207.4,50.31,34,5868.56,1
401.33,31.69,55,9588.51,0
3266.3,29.2,1,12524.62,0
2397.85,46.24,32,14317.56,0
4551.74,38.43,42,5219.82,0
2176.24,22.26,5,10377.31,0
427.39,20.6,41,12557.53,0
2292.56,71.25,62,6017.2,0
4078.29,49.81,88,9994.62,0
354.54,75.3,41,6718.5,1
665.22,73.24,71,14202.86,0
140.21,79.54,13,10131.54,1
634.78,98.96,74,11763.64,0
447.8,2.34,37,5783.7,1
2235.72,4.84,21,1701.87,0
490.58,18.08,19,8371.42,1
3932.16,11.5,23,6026.83,0
3194.32,25.62,71,9258.13,0
3797.73,43.3,85,10517.58,0
429.45,65.92,68,1066.24,1
3793.73,88.79,38,8313.69,0
879.0,71.83,76,4661.58,0
1971.61,32.7,15,12150.84,0
3705.86,61.69,90,12467.13,0
3393.14,95.06,5,2895.1,0
2664.09,87.89,7,8399.42,0
2284.13,86.55,10,3398.57,0
1174.39,78.21,30,13568.36,0
696.47,61.98,69,7681.94,0
210.96,26.33,50,8475.91,1
2704.75,64.59,84,11792.33,0
2482.23,38.1,84,13144.49,0
4471.76,16.01,42,271.47,0
1328.45,24.04,27,8893.92,0
2603.11,7.42,56,14402.21,0
4952.81,23.26,68,14970.84,0
4197.7,84.17,23,5737.98,0
1362.14,48.66,41,2557.44,1
2265.03,14.05,3,9918.32,0
4964.42,36.55,42,2286.19,0
2038.25,16.8,88,10985.19,0
446.24,12.31,76,7718.98,0
3926.6,80.26,20,10164.39,0
2800.87,64.14,35,2069.59,0
2902.46,72.43,39,8786.04,0
4137.89,91.89,37,6759.01,0
1125.07,20.61,44,198.04,0
1619.32,5.99,75,5110.84,0
3378.21,35.11,36,11769.64,0
4178.4,66.58,53,10185.81,0
209.39,36.96,27,6557.41,1
803.32,21.88,14,14344.41,0
2158.34,17.74,28,9198.57,0
2552.12,13.3,18,5882.08,0
3607.1,28.0,47,12195.58,0
1504.37,59.78,18,3581.36,0
4221.45,96.89,76,8249.64,0
1001.44,71.0,32,4351.63,1
2909.47,29.75,75,2257.59,0
2781.77,60.96,40,2833.39,0
3874.74,33.81,64,6934.68,0
3874.33,40.5,43,4318.87,0
3514.72,42.93,13,7559.33,0
285.81,29.71,51,11052.08,1
3638.66,38.08,47,8963.05,0
1420.85,46.67,34,6597.7,0
3865.91,88.4,43,6045.63,0
148.78,19.52,71,12799.0,0
1732.68,20.31,9,461.75,1
1840.23,69.64,23,2878.27,0
3948.6,11.02,23,8223.84,0
934.75,24.81,1,11905.28,0
610.34,23.65,48,1741.33,0
525.01,59.97,42,3097.68,1
2380.33,8.47,5,6937.09,0
1247.35,56.81,78,9747.5,0
3663.61,60.29,53,4237.16,0
4074.0,88.3,68,1511.73,0
3045.26,50.76,3,775.19,0
2911.12,24.38,57,14493.02,0
2884.38,24.12,50,13522.5,0
1788.75,99.01,31,1771.46,1
4789.02,23.18,59,4813.79,0
4026.98,57.77,80,9412.63,0
3695.98,11.49,85,7490.21,0
1571.21,56.35,34,4240.57,0
284.07,26.06,8,9032.23,1
1552.17,57.51,3,3532.77,1
4413.31,69.58,66,14127.64,0
815.31,79.53,43,7966.32,1
3686.87,24.25,74,8193.19,0
3182.52,19.61,62,12563.83,0
4991.78,4.6,4,14920.1,0
4177.11,37.45,67,1960.88,0
1648.48,0.62,7,7862.91,0
1135.78,49.26,75,6145.89,0
3741.52,35.54,31,11738.41,0
3286.82,44.02,44,4980.81,0
853.39,93.28,37,10564.06,0
746.21,33.74,5,138.85,1
896.91,9.32,77,7183.56,0
3296.04,21.43,35,7895.94,0
3884.13,97.21,35,1923.1,0
2893.19,51.84,23,10077.94,0
3869.26,14.28,20,9369.64,0
4717.31,15.58,3,8284.1,0
1729.0,21.27,68,11998.42,0
2911.1,11.82,81,12100.47,0
1933.65,36.75,15,9814.1,0
603.01,28.56,82,4304.11,0
2363.51,43.93,11,12954.86,0
2984.43,45.98,23,11208.06,0
4262.2,8.73,34,13176.52,0
4076.91,61.99,2,5046.19,0
3529.2,72.74,58,1741.11,0
4430.19,65.76,50,4667.12,0
2927.43,45.41,61,11411.33,0
4733.68,92.75,51,1824.19,0
907.62,33.87,52,14528.46,0
3228.73,85.77,59,10043.08,0
3929.76,28.62,79,3893.37,0
2575.42,90.23,57,13964.34,0
603.06,97.32,74,56.14,1
2318.46,27.78,54,7402.48,0
778.34,36.87,58,10588.86,0
4026.2,96.84,18,136.93,0
378.03,1.28,11,3982.47,1
1750.13,0.14,12,11730.92,0
4465.53,35.24,88,9305.15,0
3981.29,70.97,73,9874.17,0
3656.51,46.88,49,9607.56,0
903.74,88.81,11,5722.52,1
2270.42,95.97,26,13824.49,0
1605.19,18.87,7,9781.29,0
1243.3,76.45,87,14432.39,0
4097.6,29.74,27,9085.47,0
2533.98,90.68,44,1645.57,0
4568.57,71.72,37,13910.59,0
1783.21,65.9,84,2931.37,0
4744.92,64.16,28,4876.45,0
3215.46,40.98,44,11279.88,0
2966.05,43.39,67,10915.01,0
4547.35,29.92,80,8036.48,0
4550.18,90.05,28,9112.88,0
2533.47,92.15,48,14825.03,0
3814.25,93.8,86,3325.38,0
1712.35,99.92,74,8945.25,0
3464.18,50.91,7,3364.42,0
3671.14,14.5,42,12667.79,0
4287.7,37.8,28,7154.7,0
404.88,19.07,83,9953.97,0
3002.85,6.52,39,55.86,0
3913.89,1.9,80,10978.18,0
3226.67,58.3,59,6090.43,0
178.65,92.9,4,5096.79,1
4822.53,75.38,70,300.62,0
3994.22,90.03,79,96.29,0
2023.67,77.57,75,7723.32,0
1534.82,59.62,71,14232.71,0
3324.33,30.98,47,7951.55,0
609.47,72.67,57,12291.7,0
3322.55,92.18,70,5107.44,0
745.33,6.97,58,966.31,0
4783.01,33.31,1,2075.5,0
3463.11,70.07,58,3778.48,0
2382.0,28.75,50,3064.2,0
1766.44,61.75,53,10169.44,0
4959.6,90.69,63,14459.0,0
1569.06,24.19,15,7562.85,0
1589.31,42.63,42,234.49,1
366.94,58.98,44,240.33,1
995.45,33.31,3,5927.35,1
3645.29,37.42,88,3289.29,0
3601.33,81.59,31,9297.48,0
4657.93,3.33,49,3543.11,0
4465.43,50.68,21,8435.94,0
487.08,75.46,40,7643.08,1
1913.16,16.39,84,57.75,0
69.62,59.22,55,7975.19,1
2440.55,26.35,84,11549.59,0
1834.86,70.0,10,14441.69,0
126.79,32.91,26,10116.44,0
3348.59,10.65,38,14933.09,0
3969.66,84.56,82,14870.61,0
3016.78,69.58,84,11964.7,0
4681.83,46.06,19,3183.15,0
3708.85,98.29,34,14441.37,0
4223.79,66.36,36,2373.14,0
2672.68,24.32,33,7414.12,0
3925.4,22.14,47,1836.68,0
4780.89,83.91,32,4935.44,0
3567.1,88.87,64,2721.05,0
353.2,21.92,79,687.28,0
2588.31,42.48,77,14442.06,0
1880.52,19.42,77,2995.35,0
2284.42,13.03,29,9773.38,0
730.89,84.55,21,12783.68,1
3771.96,76.96,45,637.69,0
1919.94,29.42,6,5674.15,0
1215.24,99.82,20,4200.93,1
1696.99,81.12,90,12152.22,0
3253.69,66.02,46,3814.01,0
1068.85,20.39,48,2437.25,1
978.46,85.57,31,7393.49,0
1870.52,5.27,22,8390.19,0
3993.47,36.14,57,10489.87,0
4151.45,1.83,60,380.66,0
1382.64,82.29,25,11742.05,0
1853.67,69.39,36,13673.43,0
4483.28,58.99,31,11220.01,0
475.51,54.67,67,2458.36,1
1265.96,84.87,11,4194.58,1
4537.0,10.84,9,10759.47,0
1356.84,77.69,45,7614.07,0
914.89,26.19,24,7279.26,1
1270.66,85.22,88,12041.65,0
3127.78,63.25,48,13184.12,0
2954.76,82.86,35,10068.54,0
4847.36,51.08,72,9303.09,0
396.13,30.25,21,3295.21,1
3669.5,81.49,78,11188.24,0
2146.51,14.04,2,10105.83,0
515.53,55.32,21,4592.62,1
625.18,66.46,78,7861.66,0
1328.89,76.32,59,2035.34,0
1920.7,41.44,11,9481.16,0
1938.34,80.81,33,3895.26,1
4585.92,93.43,41,8174.81,0
4192.08,42.36,20,12458.96,0
2244.26,97.83,60,202.77,0
3850.01,36.2,83,11896.74,0
1676.76,84.0,46,9249.74,0
4434.15,6.67,13,6611.67,0
4348.26,19.49,7,13430.42,0
4703.18,4.78,74,14574.0,0
3205.93,15.18,68,6445.91,0
1423.18,2.75,79,322.02,0
1651.96,16.99,66,12941.72,0
673.16,14.84,37,11637.84,0
2862.78,74.12,72,1073.19,0
2432.83,95.77,17,11439.33,0
4738.23,1.78,46,14931.74,0
3863.28,41.76,73,13314.2,0
2459.74,71.42,27,3707.35,0
503.24,39.16,41,3891.05,1
4270.62,59.35,76,803.77,0
3557.84,67.96,90,873.74,0
3216.63,31.11,41,8009.33,0
1672.17,69.56,45,13133.67,0
2056.12,8.14,87,14938.86,0
1125.0,19.75,1,3236.74,0
283.08,81.54,26,5677.98,1
2991.21,30.72,90,10104.85,0
1995.54,21.97,16,9382.67,0
4305.15,38.33,87,2597.82,0
132.55,73.22,65,10200.18,0
3782.31,35.08,28,5724.17,0
2599.8,89.2,18,7995.93,0
2506.28,13.9,8,2545.88,0
3638.42,54.23,41,3696.27,0
1763.88,35.17,49,12282.1,0
1573.72,62.33,58,8119.53,0
747.53,54.31,89,8885.92,0
2505.75,27.46,60,1114.69,0
545.89,74.65,83,6489.13,0
2157.89,58.96,30,4294.11,0
3827.3,50.04,87,14220.52,0
4636.57,44.76,63,9693.84,0
1380.43,50.44,35,11135.25,0
2931.12,63.92,63,12983.74,0
126.26,84.94,70,9151.65,1
1083.62,50.75,48,7219.95,0
2751.23,34.74,73,14370.46,0
1857.08,6.58,75,8066.97,0
3853.65,15.45,48,9520.06,0
2881.27,30.48,24,1554.33,0
1574.71,35.93,49,2687.23,1
907.2,4.23,63,11485.49,0
3608.7,73.63,42,5460.88,0
2840.34,32.51,47,4053.64,0
3542.99,40.83,58,1061.39,0
4125.41,40.39,64,13273.19,0
1618.59,69.09,13,5213.35,0
658.73,56.31,30,12631.15,0
3310.24,52.13,21,6746.77,0
1186.24,77.42,63,8639.24,0
2388.44,81.02,3,1933.8,1
1827.63,46.99,65,14175.96,0
3252.23,41.26,65,11162.5,0
1517.32,5.72,48,4664.7,0
3619.15,86.77,12,9797.16,0
4392.13,80.49,10,11768.4,0
1623.36,30.33,78,13580.82,0
2377.2,7.85,47,2756.69,0
3653.3,56.66,26,7491.06,0
625.9,36.19,66,11429.45,0
3865.57,15.01,88,10726.88,0
819.53,2.07,2,1921.88,1
2792.15,73.49,75,12661.6,0
183.85,31.33,20,6878.98,1
2207.34,12.0,11,14249.65,0
2060.53,93.75,13,6949.94,1
2516.46,95.52,36,10802.18,0
4333.23,62.45,25,10156.32,0
3136.98,59.96,61,10078.3,0
3421.0,31.99,87,11246.4,0
2467.48,52.72,3,2463.02,0
696.76,93.15,16,1047.0,1
913.77,63.7,56,4536.76,1
459.33,24.15,52,14641.89,0
82.65,66.41,22,11431.77,0
1879.24,99.56,58,976.19,0
2089.52,45.21,52,7790.84,0
4186.13,11.75,30,8115.59,0
2072.09,32.45,38,10552.27,0
1902.31,20.2,88,6979.81,0
3665.69,56.41,38,9971.54,0
717.12,87.02,60,11345.87,0
825.54,68.17,12,1244.9,1
1387.33,14.91,55,8893.78,0
3308.0,32.04,22,7995.3,0
1555.41,0.14,77,7429.38,0
1214.53,3.15,39,10410.74,0
128.2,12.04,41,9120.45,0
181.36,93.42,35,7048.99,1
4389.41,29.58,40,7623.43,0
1498.32,14.43,21,6858.66,0
611.84,46.4,44,14580.46,0
3356.43,12.46,58,2553.99,0
1813.69,51.78,53,1063.66,0
1152.23,10.26,8,13906.62,0
4731.59,72.8,11,3524.4,0
4340.01,49.82,58,6134.84,0
2138.27,9.19,48,3495.51,0
2018.14,97.41,79,6151.49,0
4026.98,81.42,52,11829.13,0
3648.84,52.33,25,2838.48,0
1915.06,42.89,69,5478.89,0
3766.32,69.31,27,3418.0,0
2296.68,6.2,53,6821.19,0
3920.17,41.85,7,1903.39,0
128.2,13.25,24,3212.66,1
2210.09,57.27,77,4325.69,0
2362.17,86.71,6,14771.87,0
4863.36,23.14,90,11682.38,0
1502.36,92.87,42,4557.68,1
1229.55,39.39,86,623.27,0
2815.84,71.47,85,1381.58,0
777.86,74.97,58,5011.33,0
3791.61,87.38,69,467.24,0
505.71,28.63,9,7726.84,1
1630.33,68.65,30,14516.69,0
576.65,11.08,86,6575.98,0
2464.01,57.46,53,12567.2,0
1717.8,95.46,25,9513.06,0
1041.48,4.61,49,11702.89,0
1428.49,33.67,38,5217.14,0
3087.16,22.27,20,3382.61,0
2345.5,14.86,63,12358.57,0
4187.26,31.79,75,243.37,0
2986.71,34.48,1,8404.62,0
4469.02,66.99,17,11503.5,0
339.98,59.04,65,4694.42,0
3756.45,78.45,69,7006.92,0
2018.34,10.05,21,1500.45,0
3270.22,93.46,8,339.25,0
3387.8,74.49,50,371.28,0
3222.39,58.9,1,12620.61,0
2744.55,13.13,29,7389.94,0
2686.78,83.78,73,9407.32,0
3801.81,70.47,78,13000.18,0
2554.17,75.68,21,13462.29,0
977.46,49.52,12,13271.44,0
2317.45,92.96,13,6720.49,1
4508.71,88.12,13,11291.67,0
1100.44,67.92,75,9943.82,0
3269.44,53.03,6,13486.69,0
4776.85,40.78,1,3629.29,0
1457.11,97.81,12,8410.45,1
4824.53,89.5,31,5695.55,0
2804.82,49.31,77,9493.05,0
608.36,33.16,6,12479.33,0
1187.19,75.43,79,14839.67,0
4851.5,58.83,86,8582.2,0
4612.67,99.07,3,4352.5,0
623.12,97.67,75,5418.01,1
103.5,19.26,29,11552.48,0
1443.3,21.79,89,580.55,0
186.88,67.77,27,9686.74,1
2011.98,4.47,58,12230.25,0
921.38,52.01,18,1798.79,1
2308.11,67.28,53,13336.15,0
1648.36,77.01,83,9429.87,0
1498.38,42.8,21,11512.8,0
795.27,88.87,85,14943.2,0
1747.04,67.91,34,5313.82,0
4577.81,89.26,57,4473.71,0
3842.47,38.97,23,8095.78,0
3280.06,66.85,60,11679.49,0
4377.2,61.5,28,125.86,0
2483.7,42.0,40,10852.95,0
4883.15,8.15,63,13633.34,0
4064.33,10.65,11,2343.94,0
1472.05,64.66,17,11297.52,0
4108.16,97.43,45,93.7,0
2933.37,38.38,24,9869.85,0
2584.73,49.18,90,8851.21,0
2639.42,0.92,57,1100.88,0
4288.85,97.98,66,4101.76,0
94.71,87.62,30,11097.32,1
1106.75,46.79,54,5054.53,1
109.96,3.9,18,12931.97,0
356.96,95.87,20,8165.85,1
291.11,59.41,55,6421.09,0
186.49,59.82,6,6897.92,1
3299.48,9.84,20,5880.98,0
741.4,60.33,57,13540.28,0
3014.73,2.44,51,10037.4,0
317.83,84.45,68,9990.67,0
3727.41,30.73,16,5434.75,0
1532.41,81.38,42,3324.84,1
1851.55,19.65,71,1566.64,0
2113.16,99.86,9,85.07,0
2784.55,40.83,47,5054.52,0
4868.97,87.37,64,11727.82,0
708.48,18.57,17,5997.56,0
4711.01,96.15,9,9070.96,0
659.58,26.8,5,1645.13,1
1091.49,65.32,7,12177.79,0
1656.22,72.72,67,9575.07,0
4257.76,3.9,52,7264.78,0
840.47,52.93,14,13808.21,0
4551.35,77.84,37,1352.5,0
1020.44,90.84,72,9347.35,0
2804.08,78.46,44,1911.83,0
1268.78,39.71,13,10707.28,0
523.19,91.18,5,5719.77,1
4660.97,50.05,73,12271.41,0
3226.74,72.36,18,741.98,0
1550.86,57.24,48,13233.8,0
3546.72,98.17,6,14351.81,0
4436.96,34.36,64,4614.38,0
2203.86,23.64,83,8045.32,0
945.53,11.7,1,10636.66,1
3922.5,47.43,25,9342.06,0
4784.99,58.13,53,11181.94,0
1157.67,21.57,75,14019.99,0
4591.39,53.03,59,1476.63,0
1084.7,4.44,18,1092.93,1
4562.38,27.71,6,1100.32,0
718.86,51.48,44,14715.35,0
2551.75,31.19,10,4175.64,0
4507.8,67.55,59,2575.58,0
3398.86,49.72,52,6195.11,0
2656.28,17.5,15,2619.39,0
3902.67,82.62,34,6848.04,0
1634.28,24.86,54,7595.36,0
4476.61,25.41,83,4626.62,0
663.34,1.68,80,18.06,1
379.56,40.73,34,7979.8,1
2148.19,60.27,46,2439.28,0
2374.88,12.26,57,13073.91,0
3105.23,29.09,50,11524.23,0
1888.08,42.83,42,9887.63,0
812.62,36.88,66,5713.47,0
953.11,23.36,88,6886.49,0
4797.43,71.46,84,10748.36,0
3339.29,21.53,23,10602.05,0
3311.68,61.05,30,9287.71,0
3130.75,73.94,90,14308.18,0
4321.85,26.16,44,4292.18,0
4166.42,17.06,18,3600.72,0
406.68,41.41,7,11619.37,1
3056.54,70.83,38,6990.6,0
3788.7,94.67,23,2911.16,0
2578.69,64.46,72,766.0,0
899.76,11.83,50,14431.27,0
1843.54,70.31,11,2281.73,0
1564.08,26.36,80,1022.59,0
4104.09,72.6,90,3883.24,0
2283.29,27.52,35,1159.03,0
864.11,57.5,80,8761.85,0
3661.25,58.12,1,11745.4,0
232.62,84.82,7,5661.46,1
2939.47,10.17,11,5789.8,0
678.63,18.46,79,11128.71,0
2827.9,11.18,9,9727.34,0
68.64,35.64,72,6237.14,1
2517.31,34.72,71,13084.13,0
4940.03,29.22,40,4145.73,0
2779.92,34.61,69,14614.12,0
1886.62,53.65,10,1455.26,1
1837.49,88.52,44,11567.81,0
21.63,30.66,74,11652.63,0
1800.83,64.03,36,4134.05,1
4381.61,94.09,70,13322.42,0
1686.51,55.53,63,9653.68,0
2182.34,19.25,25,9678.94,0
3435.56,16.13,23,13554.64,0
187.42,70.27,9,12011.82,1
4896.46,15.28,83,225.64,0
3770.67,59.08,74,5078.39,0
2400.82,90.07,89,172.87,0
1844.46,70.26,21,9010.53,0
4911.9,23.06,4,516.55,0
1895.4,90.6,65,13109.16,0
4487.84,36.84,10,11466.5,0
2919.02,75.7,16,3871.15,0
4327.8,15.86,4,482.63,0
3371.06,9.6,21,318.56,0
2646.35,11.74,89,6352.29,0
3916.89,68.24,8,7207.45,0
734.92,0.95,18,14353.5,0
1544.31,83.24,18,13936.33,0
4944.21,96.65,15,7240.79,0
3001.82,88.28,32,12337.08,0
2583.25,26.18,67,11862.69,0
1333.63,96.29,6,4285.06,1
1569.43,80.06,39,6148.38,0
2124.98,33.21,27,2551.18,0
3672.49,35.11,3,5137.59,0
2087.37,8.07,69,12308.82,0
3763.52,69.88,7,13290.92,0
4048.12,15.66,34,14183.21,0
3754.01,73.98,33,11932.09,0
2413.29,12.75,21,11710.81,0
1939.16,48.96,63,1529.22,0
1195.13,96.44,17,13944.08,1
4351.81,8.17,61,6539.58,0
3648.67,47.88,11,1157.15,0
3039.41,76.91,21,10657.72,0
3335.99,15.06,30,7543.16,0
3867.58,49.13,13,4597.3,0
2085.55,10.45,70,2331.39,0
2093.28,38.44,89,14989.19,0
4442.52,54.17,73,12482.44,0
4285.18,30.51,2,11682.53,0
1856.4,27.19,68,5557.98,0
1332.83,2.87,23,7850.76,0
61.32,13.82,53,9798.32,0
1416.92,89.42,39,5879.39,1
3954.93,64.41,23,14246.5,0
942.51,22.06,20,3468.3,1
3650.99,38.45,6,14946.43,0
3524.51,20.32,80,8336.15,0
104.41,87.67,28,162.11,1
3215.31,58.23,50,12651.91,0
4719.38,80.53,6,13165.5,0
1417.52,30.12,19,10328.82,0
3334.54,83.81,33,13834.55,0
4171.65,70.04,75,9504.66,0
3649.66,20.97,54,10268.18,0
2353.88,42.7,62,4297.65,0
94.27,90.18,6,9033.82,1
3949.88,96.83,16,11641.59,0
2754.44,93.23,2,1384.35,1
553.24,13.48,89,11053.16,0
1466.29,33.79,1,13816.1,0
1193.8,25.72,38,2615.34,0
3481.29,97.39,22,11706.29,0
581.49,29.8,39,4779.78,1
1764.8,19.88,14,2288.53,0
1912.44,81.96,85,1285.16,0
4221.47,63.03,43,5966.32,0
1976.74,6.38,48,6356.0,0
3317.83,24.27,1,4597.08,0
363.02,20.47,35,6140.15,0
3283.94,14.15,20,8233.39,0
1779.29,87.34,82,12983.5,0
463.8,63.02,28,13310.19,0
4537.3,55.88,37,11181.03,0
4518.83,42.15,12,10180.06,0
2922.68,48.25,69,5805.47,0
1562.7,96.86,66,14125.77,0
322.75,13.82,47,12079.97,0
1395.61,18.05,85,966.88,0
3191.83,94.67,59,7974.81,0
4639.47,95.94,4,1544.55,0
2731.94,55.97,61,4635.77,0
4619.89,61.99,20,8121.44,0
4789.91,36.94,65,7042.49,0
338.03,28.03,73,7321.9,0
2166.73,44.38,59,10803.32,0
4281.22,86.82,62,9829.67,0
4018.06,34.75,60,14588.49,0
4326.95,31.85,76,12558.68,0
2137.46,50.93,89,5951.81,0
1096.72,49.65,39,3415.71,1
3675.15,52.38,49,12282.04,0
4136.49,44.68,58,4868.25,0
1352.88,47.14,77,2141.59,0
3551.49,82.6,26,13493.38,0
3247.15,5.6,36,13419.29,0
1017.89,99.06,22,11148.07,0
4372.27,38.17,30,12479.31,0
56.55,75.12,36,13837.57,0
4544.95,37.76,30,403.59,0
2521.06,87.34,42,11359.95,0
1457.05,61.14,12,8729.26,0
1326.41,87.93,34,5738.29,1
360.44,56.67,15,2302.55,1
2522.96,1.1,41,506.05,0
3328.28,96.22,74,984.07,0
4612.75,47.56,55,11987.31,0
2498.25,8.1,50,13134.25,0
59.2,11.11,85,8800.62,0
1746.76,0.26,21,6450.19,0
1158.53,62.06,46,1995.52,1
3129.4,73.41,35,3527.88,0
1776.64,49.35,25,4546.82,1
2470.05,3.92,50,1538.37,0
512.9,83.52,10,10431.86,1
3765.12,9.37,37,395.56,0
3091.84,44.36,8,804.9,0
1130.67,67.87,42,736.34,1
4562.85,75.64,4,9237.95,0
1778.73,41.87,59,5864.38,0
2447.39,19.21,15,14312.79,0
198.95,56.9,86,344.53,1
4350.5,53.12,78,3449.96,0
3430.18,70.55,34,12925.0,0
2722.76,73.1,89,9546.9,0
1191.45,39.57,26,4295.54,0
2734.22,77.6,46,436.17,0
3464.78,79.25,90,8582.1,0
2833.88,72.55,55,1291.52,0
395.15,32.73,13,13221.1,0
677.03,29.6,55,9960.81,0
2019.21,33.59,64,13348.5,0
3177.77,12.43,41,11509.33,0
3040.23,61.61,82,5020.88,0
4384.86,73.97,27,14493.17,0
2253.42,88.5,29,1111.67,0
3096.29,83.16,2,13919.48,0
623.11,89.25,14,13024.52,0
3096.71,15.23,71,5122.15,0
653.61,97.3,25,6506.73,1
768.19,88.85,23,14105.97,0
2066.33,90.0,88,10046.31,0
1334.93,69.91,70,14133.49,0
3713.14,71.58,27,12391.96,0
4399.33,36.04,25,6731.35,0
2403.56,4.52,23,1357.31,0
4828.84,70.13,59,9526.49,0
4928.79,15.1,31,8768.02,0
2604.07,81.16,9,12313.53,0
687.11,55.9,43,124.98,1
4807.03,89.82,63,9566.92,0
1565.15,14.75,74,13316.17,0
815.63,37.79,81,5175.69,0
1963.97,49.03,47,14151.11,0
1325.74,91.59,21,4791.05,1
1627.72,13.17,56,7393.89,0
4477.17,0.45,80,6928.83,0
3145.67,88.27,40,4217.58,0
2853.04,24.3,47,12543.07,0
565.21,81.85,24,5857.67,1
1516.98,8.19,24,12128.04,0
3851.45,18.21,34,3217.34,0
967.46,55.79,2,3132.47,1
834.45,52.68,82,4979.81,0
59.51,26.81,51,12506.32,0
2239.5,26.65,76,166.3,0
2515.42,76.7,87,2714.66,0
111.52,88.6,35,13301.11,1
248.74,73.34,9,8727.21,1
4098.54,3.59,3,6296.25,0
2571.03,54.38,55,7829.68,0
1749.68,2.35,55,1377.53,0
216.31,16.93,35,10581.33,1
913.12,77.15,71,5749.41,1
918.78,21.77,10,14387.88,0
3260.83,99.68,88,4352.51,0
3247.01,69.26,84,10959.94,0
2012.67,95.34,14,11072.22,0
2166.49,4.78,8,4017.38,0
3782.55,36.0,7,8316.43,0
3889.61,31.96,31,9873.15,0
2254.21,31.03,51,4750.6,0
1397.29,3.02,30,4533.36,0
394.32,57.06,27,1075.81,1
776.36,70.83,49,11123.17,1
488.23,48.33,14,9928.07,0
505.0,70.02,22,13289.61,0
4621.45,97.81,69,2810.76,0
1144.99,9.05,58,12229.72,0
4248.83,95.59,8,4000.64,0
4642.9,73.42,61,4245.34,0
3335.4,47.97,81,11361.16,0
3712.69,42.81,63,10343.14,0
3401.86,10.01,10,3566.46,0
1522.18,70.82,31,5040.43,0
2257.79,64.28,69,9909.03,0
234.14,91.92,84,10052.17,0
3227.67,37.29,65,1304.44,0
1859.0,8.7,77,9454.08,0
3886.48,44.38,64,4626.95,0
4104.46,63.59,57,13570.58,0
1379.08,20.75,73,5252.88,0
2409.44,90.56,69,14750.21,0
2784.58,26.16,8,3955.17,0
446.82,19.24,48,9028.69,0
2149.11,6.88,4,11032.53,0
594.8,87.52,79,10058.76,0
202.63,16.89,37,6522.14,0
2091.69,52.97,54,337.74,0
4058.36,71.17,39,1308.55,0
4386.46,88.08,90,3259.45,0
831.54,94.06,28,781.44,1
1209.91,5.12,73,2151.76,0
4313.49,66.56,86,3036.99,0
1480.0,20.36,73,7095.63,0
1226.8,55.03,19,7998.13,0
4958.82,56.24,79,9968.35,0
1039.94,20.79,52,4714.07,0
4249.97,64.64,10,7116.94,0
3257.27,25.79,58,3647.62,0
1193.82,55.05,32,4213.82,0
3291.53,28.43,29,11158.68,0
2693.08,53.94,36,8249.3,0
389.44,98.58,31,4787.4,1
2542.25,19.71,63,13748.92,0
458.3,57.25,20,6122.12,1
1481.42,57.73,59,14284.4,0
4551.46,40.08,87,7603.83,0
700.6,29.53,63,9120.46,0
4021.43,4.2,76,5812.58,0
105.41,39.07,35,9938.93,0
2816.05,49.37,36,7103.88,0
2856.97,91.53,16,722.02,1
1476.7,56.56,28,6729.96,0
2786.74,63.64,43,4642.45,0
1019.26,28.74,27,3743.98,0
1950.11,89.05,13,7361.76,0
1471.78,24.67,70,12634.37,0
4465.08,3.51,25,14149.3,0
4708.12,16.64,51,13007.71,0
412.92,26.04,5,1397.19,1
1732.06,27.82,72,8529.12,0
2840.53,54.14,32,12996.05,0
2690.2,82.92,9,3166.33,1
2147.48,92.68,13,9835.86,0
190.21,25.83,56,1610.71,1
4325.08,82.61,16,11574.65,0
2008.62,61.73,82,14934.16,0
4865.91,62.11,54,4723.41,0
1218.46,45.78,2,9848.46,1
130.09,5.44,78,7470.51,1
1642.62,69.74,43,7278.67,0
3676.56,65.74,44,7737.43,0
4849.14,52.71,53,13564.37,0
2464.05,95.44,86,14693.63,0
3199.13,77.49,50,11462.21,0
2301.92,71.31,66,3891.66,0
1393.37,0.84,7,3470.35,1
3660.68,20.53,48,4646.07,0
3044.11,91.84,16,14485.25,0
4188.51,45.12,68,12016.41,0
1609.63,23.8,33,1627.89,0
2451.41,5.72,60,5106.16,0
636.2,82.44,14,7150.75,1
2957.0,37.56,31,13588.48,0
3357.08,38.13,68,8794.0,0
4964.2,1.47,3,5222.05,0
3065.36,95.05,29,1054.56,0
715.16,87.63,57,14807.5,0
3777.76,14.73,19,7130.33,0
3469.74,63.68,84,10311.3,0
3934.72,52.39,85,4458.81,0
4581.64,6.93,39,2890.51,0
3355.12,63.95,68,2810.88,0
1588.61,95.98,79,5558.12,0
2392.49,26.43,14,12573.18,0
1559.29,1.4,8,12563.31,0
1959.23,43.3,53,12230.85,0
4100.75,46.71,68,3677.36,0
1027.52,9.89,18,11103.55,0
3155.59,80.13,68,14154.76,0
1929.64,36.69,5,1491.25,0
1647.68,81.88,52,4068.22,0
4110.36,88.22,73,1621.3,0
3241.26,96.08,68,12658.0,0
4170.75,76.7,85,14012.03,0
4206.74,15.04,24,2262.87,0
3303.04,63.25,10,12074.44,0
1317.28,65.47,55,5948.38,0
4562.21,50.15,40,11853.91,0
464.19,39.29,83,9682.79,0
810.72,8.67,90,6475.14,0
748.94,93.84,82,14976.6,0
3401.88,83.99,77,4715.39,0
1378.78,38.57,32,2589.39,0
1184.98,63.4,23,4568.97,1
1928.62,71.55,75,8911.94,0
4047.52,84.99,45,5921.72,0
1745.83,94.81,31,4982.25,0
3844.33,88.35,57,11602.56,0
4899.74,9.53,37,4949.19,0
4306.82,28.35,25,9779.79,0
2532.39,15.43,71,9735.55,0
2559.42,85.43,87,13549.73,0
1800.44,99.42,87,6147.64,0
4849.4,70.04,83,10085.4,0
798.36,29.1,80,6413.72,0
268.15,94.78,72,3699.75,1
3265.81,24.32,84,9946.13,0
3954.44,15.19,73,14702.9,0
1978.45,14.56,85,456.96,0
4184.69,4.31,53,972.37,0
281.95,46.16,83,5408.05,0
468.14,72.26,62,9985.33,0
3012.23,35.66,87,2214.98,0
4889.21,64.42,14,10800.34,0
4575.13,92.48,27,10216.25,0
1692.58,41.91,61,7574.81,0
2446.74,9.09,65,8821.5,0
2857.17,90.52,67,12798.52,0
1443.61,11.68,4,5178.38,0
1499.67,54.2,16,4581.77,1
177.35,5.24,83,826.66,1
2506.97,83.93,21,14603.13,0
1717.46,9.46,5,7258.06,1
3360.99,82.49,18,2248.05,0
3072.34,1.9,35,5594.02,0
1153.62,93.54,55,12191.52,0
1943.9,82.07,43,10650.69,0
4715.77,79.38,56,4560.37,0
33.87,79.89,40,11408.3,1
175.91,39.29,1,1231.05,1
4873.28,14.63,74,5831.36,0
867.73,90.47,42,14216.86,0
2253.8,72.47,78,9843.21,0
4845.21,0.11,11,8283.23,0
4431.32,24.58,54,2731.24,0
4193.53,97.68,24,11947.14,0
3371.92,22.39,53,8964.26,0
416.61,55.19,55,12201.27,0
2405.93,47.27,90,14511.45,0
174.8,41.74,20,10710.28,0
1771.37,36.52,29,6902.86,0
1129.2,43.94,43,12969.89,0
3468.48,99.06,14,4025.81,0
4550.62,36.48,39,7069.18,0
3401.77,95.85,22,7827.59,0
2891.39,61.9,57,3334.93,0
2734.52,43.69,71,10405.82,0
2887.19,42.16,32,10748.95,0
56.65,66.13,6,7419.91,1
539.89,99.14,45,1449.76,1
1166.56,48.66,16,2136.19,1
89.06,44.72,59,5830.8,1
3609.99,70.54,8,13471.79,0
1040.72,27.18,62,345.42,1
3915.47,52.59,74,1387.05,0
4681.34,37.32,49,3391.53,0
2851.72,50.66,61,9387.15,0
3383.28,12.07,51,7564.58,0
1467.13,24.35,36,9221.87,0
681.19,24.99,16,6548.15,0
2957.16,49.32,87,8606.93,0
1791.23,3.81,59,6766.32,0
4369.45,33.69,59,5155.89,0
105.54,3.69,42,7372.68,1
3286.17,55.14,90,3843.12,0
2185.81,80.58,56,9858.13,0
4012.86,93.54,44,3624.97,0
2684.41,29.81,54,4931.54,0
2027.32,96.67,13,1784.13,0
1455.78,35.38,49,1732.58,0
4820.59,86.61,28,7514.18,0
2260.07,76.53,41,11183.7,0
4775.15,41.17,53,6556.97,0
1304.78,29.05,20,5945.23,0
4889.55,54.98,26,13935.64,0
1644.17,19.62,59,2057.73,0
247.33,2.38,42,9866.03,0
4731.29,74.5,9,4819.68,0
757.48,19.3,60,14597.98,0
2651.01,91.54,25,1642.27,0
1171.19,16.98,59,14378.06,0
480.16,15.71,74,10330.26,0
51.83,42.69,20,7259.32,1
4263.15,71.95,35,2185.53,0
2747.31,55.89,86,2483.04,0
4904.04,17.78,49,7116.66,0
1436.19,92.37,75,11785.51,0
4245.0,65.06,31,8488.29,0
2663.75,49.25,87,4379.37,0
1975.67,79.09,77,14067.6,0
1341.56,3.34,38,11450.01,0
1972.65,70.88,14,1765.24,1
1159.43,12.1,32,12111.98,0
1895.96,90.71,59,7787.43,0
4649.78,79.93,23,6311.8,0
396.96,36.23,58,1920.13,1
839.82,95.47,56,7264.11,0
3276.22,40.85,13,10934.59,0
1849.98,18.96,7,2188.28,1
4270.48,5.67,86,9841.6,0
3037.04,41.07,38,11703.29,0
1569.44,2.94,40,4889.41,0
2683.73,8.25,53,8192.39,0
4670.74,12.71,87,2760.17,0
3116.06,82.82,80,11845.43,0
1335.24,79.33,62,7516.26,0
33.95,28.12,78,408.4,1
637.13,74.87,70,4928.06,0
4392.22,34.86,23,9786.63,0
1157.2,10.16,85,6209.49,0
2608.65,36.23,45,7626.75,0
3706.2,39.44,7,1528.62,0
4714.7,85.7,89,10874.26,0
2468.67,65.83,30,607.08,0
4607.07,43.09,79,4916.26,0
1382.85,61.84,43,4786.42,0
4377.69,81.79,49,4641.59,0
2068.81,15.14,13,8052.94,0
322.54,52.57,5,12342.3,1
30.57,75.51,28,1313.32,1
3874.04,48.33,41,7879.62,0
1340.97,26.79,53,8918.13,0
4276.41,64.05,60,4981.19,0
3978.77,25.48,2,3754.31,0
2086.48,12.65,77,12274.66,0
2752.78,82.83,62,329.35,0
373.08,7.41,19,13871.03,1
1612.18,94.59,52,8753.22,0
4021.05,41.48,51,10799.45,0
4528.38,68.99,23,5007.92,0
3280.12,76.7,38,6588.99,0
2018.44,57.78,70,14318.36,0
1362.04,9.4,72,9938.92,0
3852.73,40.07,13,13146.68,0
4462.11,47.62,80,13038.08,0
1253.35,68.39,36,4108.53,1
4569.68,95.67,65,3112.44,0
3339.38,51.88,32,11639.08,0
4455.39,16.42,3,8354.74,0
1215.92,7.13,66,5722.78,0
58.98,32.55,79,12784.26,0
4435.4,32.75,61,465.99,0
293.58,48.84,34,11369.06,1
861.94,80.74,63,6377.43,1
4113.34,93.38,77,13941.37,0
3358.26,7.93,64,13466.2,0
1945.69,14.71,26,34.05,0
928.29,39.02,26,9438.2,0
1953.39,94.72,44,9642.84,0
2137.18,23.86,35,5756.33,0
1780.84,29.03,7,9190.14,1
2690.52,37.32,5,14253.07,0
1973.07,51.9,46,11952.54,0
4085.96,60.1,74,13112.86,0
1501.36,18.59,59,3451.37,0
2420.4,22.36,71,7410.53,0
4058.96,83.84,45,5400.52,0
2926.15,15.91,6,1816.67,0
4077.25,75.08,68,10085.42,0
1800.82,33.14,34,6473.09,0
3959.8,17.74,12,1888.01,0
958.95,13.54,8,3003.97,0
4869.75,10.22,33,6668.34,0
1783.15,46.42,9,2571.73,1
1682.12,52.02,58,11798.56,0
1085.56,95.42,38,463.31,1
1351.92,23.14,82,1428.78,0
124.34,52.09,73,11166.14,0
4424.89,33.37,3,4516.46,0
4371.36,31.06,84,5903.94,0
265.89,19.44,78,14159.99,0
2662.53,80.31,35,6877.05,0
1020.91,89.03,18,13254.4,1
3622.55,1.3,78,12619.91,0
3935.08,49.03,53,3746.32,0
1843.09,52.21,59,8853.93,0
1505.08,49.65,4,12228.78,0
3516.16,90.28,9,9103.51,0
3406.29,25.43,56,9709.88,0
2753.94,76.22,29,2879.85,0
328.65,28.16,25,4314.49,1
4471.47,16.87,88,13024.02,0
1792.33,70.37,66,5879.51,0
3910.29,12.03,56,4983.51,0
942.95,27.82,51,10168.32,0
4569.61,47.95,31,7721.12,0
4753.25,44.93,58,4368.58,0
796.88,79.84,5,976.02,1
535.19,22.44,55,10563.35,1
658.7,54.42,52,3652.8,1
1350.66,68.56,55,11024.91,0
4428.75,12.91,73,10907.45,0
550.83,6.05,42,11442.13,0
1614.47,68.8,39,4046.36,0
3353.35,42.23,29,11453.68,0
4649.64,3.55,35,12613.78,0
1100.35,44.13,6,5018.22,0
3806.76,11.38,79,4337.27,0
4351.54,29.85,61,3142.74,0
2263.22,74.14,59,13034.58,0
2999.92,40.72,18,7689.14,0
314.05,25.2,37,3592.96,1
3999.51,48.52,24,11040.21,0
983.85,93.53,40,2261.73,1
